Date,Electricity_Consumption_kWh,Ambient_Temperature_C,R_Ph_Voltage,Y_Ph_Voltage,B_Ph_Voltage,R_PF,Y_PF,B_PF,Total_PF,R_Phase_Active_Current,Y_Phase_Active_Current,B_Phase_Active_Current,R_Phase_Active_Power,Y_Phase_Active_Power,B_Phase_Active_Power,3_Phase_Active_Power,Average_Phase_Voltage,Neutral_Line_current,R_Phase_Reactive_Current,Y_Phase_Reactive_Current,B_Phase_Reactive_Current,R_Phase_Reactive_Power,R_Phase_Apparent_Power,Y_Phase_Reactive_Power,Y_Phase_Apparent_Power,B_Phase_Reactive_Power,B_Phase_Apparent_Power,3_Phase_Reactive_Power,3_Phase_Apparent_Power
2023-01-01,18.49,16.0,228.0,231.0,229.6,0.92,0.94,0.86,0.93,0.07,0.07,0.08,5547.04,5238.87,5855.21,18490.14,229.5,0.02,0.03,0.03,0.05,2363.03,6029.39,1901.46,5573.27,3474.28,6808.38,7738.77,18411.04
2023-01-02,21.84,14.9,231.1,225.1,230.4,0.88,0.9,0.92,0.87,0.09,0.08,0.09,6553.24,6189.17,6917.3,21844.12,228.9,0.03,0.05,0.04,0.04,3537.06,7446.86,2997.55,6876.86,2946.76,7518.8,9481.37,21842.52
2023-01-03,24.46,16.6,230.1,232.0,220.0,0.91,0.97,0.97,0.92,0.1,0.09,0.1,7338.24,6930.56,7745.92,24460.81,227.4,0.03,0.05,0.02,0.03,3343.4,8064.0,1736.96,7144.91,1941.31,7985.48,7021.67,23194.39
2023-01-04,27.35,18.6,230.5,221.5,234.6,0.89,0.93,0.87,0.93,0.11,0.1,0.11,8203.65,7747.89,8659.41,27345.51,228.9,0.03,0.06,0.04,0.06,4202.85,9217.58,3062.16,8331.06,4907.51,9953.34,12172.52,27501.98
2023-01-05,22.33,15.2,226.1,235.1,231.7,0.9,0.93,0.92,0.94,0.09,0.08,0.09,6699.72,6327.52,7071.93,22332.41,231.0,0.03,0.04,0.03,0.04,3244.82,7444.13,2500.8,6803.78,3012.63,7686.88,8758.25,21934.79
2023-01-06,22.59,15.4,230.1,232.4,235.0,0.94,0.95,0.89,0.9,0.09,0.08,0.09,6777.18,6400.67,7153.69,22590.59,232.5,0.03,0.03,0.03,0.05,2459.79,7209.77,2103.8,6737.55,3664.94,8037.85,8228.53,21985.17
2023-01-07,23.29,19.2,232.5,231.3,215.5,0.97,0.94,0.92,0.92,0.09,0.09,0.1,6986.52,6598.38,7374.66,23288.4,226.4,0.03,0.02,0.03,0.04,1750.99,7202.6,2394.89,7019.55,3141.59,8015.93,7287.47,22238.08
2023-01-08,21.11,17.7,237.3,234.9,240.4,0.93,0.96,0.91,0.9,0.08,0.08,0.09,6333.11,5981.27,6684.95,21110.35,237.5,0.02,0.03,0.02,0.04,2503.01,6809.8,1744.54,6230.49,3045.75,7346.1,7293.3,20386.39
2023-01-09,22.66,15.4,234.8,238.3,229.3,0.88,0.94,0.89,0.93,0.09,0.08,0.09,6796.91,6419.31,7174.52,22656.38,234.1,0.03,0.05,0.03,0.05,3668.58,7723.76,2329.9,6829.05,3675.62,8061.26,9674.099999999999,22614.07
2023-01-10,25.95,17.6,240.8,235.1,235.5,0.93,0.91,0.92,0.9,0.1,0.1,0.11,7784.59,7352.11,8217.06,25948.62,237.1,0.03,0.04,0.05,0.05,3076.67,8370.53,3349.72,8079.24,3500.45,8931.59,9926.84,25381.36
2023-01-11,23.19,15.8,226.2,220.8,224.8,0.96,0.94,0.96,0.91,0.09,0.09,0.1,6955.84,6569.4,7342.28,23186.13,223.9,0.03,0.03,0.03,0.03,2028.79,7245.67,2384.37,6988.72,2141.5,7648.21,6554.66,21882.6
2023-01-12,23.43,16.0,234.4,223.6,233.1,0.9,0.9,0.9,0.9,0.09,0.09,0.1,7030.16,6639.6,7420.73,23433.87,230.4,0.03,0.04,0.04,0.05,3404.86,7811.29,3215.71,7377.33,3594.02,8245.26,10214.59,23433.879999999997
2023-01-13,25.81,17.5,230.9,226.9,224.7,0.92,0.93,0.93,0.93,0.1,0.1,0.11,7743.24,7313.06,8173.42,25810.79,227.5,0.03,0.04,0.04,0.04,3298.61,8416.57,2890.31,7863.51,3230.34,8788.62,9419.26,25068.7
2023-01-14,14.6,13.4,240.9,230.1,226.9,0.92,0.93,0.87,0.94,0.06,0.05,0.06,4379.39,4136.09,4622.69,14597.97,232.6,0.02,0.03,0.02,0.03,1865.61,4760.21,1634.69,4447.41,2619.8,5313.44,6120.1,14521.059999999998
2023-01-15,15.41,13.9,226.0,232.6,239.6,0.9,0.92,0.88,0.92,0.06,0.06,0.06,4624.49,4367.58,4881.41,15414.98,232.7,0.02,0.03,0.03,0.03,2239.74,5138.32,1860.58,4747.37,2634.71,5547.06,6735.03,15432.75
2023-01-16,24.15,16.4,225.8,226.4,229.0,0.94,0.93,0.92,0.92,0.09,0.09,0.1,7246.12,6843.56,7648.68,24153.72,227.1,0.03,0.03,0.04,0.04,2629.99,7708.64,2704.75,7358.67,3258.32,8313.78,8593.06,23381.090000000004
2023-01-17,23.05,15.7,227.0,230.9,231.1,0.92,0.87,0.95,0.89,0.09,0.09,0.1,6915.54,6531.34,7299.74,23051.8,229.7,0.03,0.04,0.05,0.03,2946.01,7516.89,3701.48,7507.29,2399.31,7683.94,9046.8,22708.12
2023-01-18,27.28,18.5,219.4,226.2,234.4,0.93,0.91,0.92,0.91,0.11,0.1,0.11,8184.46,7729.77,8639.15,27281.52,226.7,0.03,0.04,0.05,0.05,3234.71,8800.49,3521.79,8494.25,3680.26,9390.38,10436.76,26685.119999999995
2023-01-19,23.86,16.2,227.4,226.9,232.5,0.89,0.93,0.9,0.92,0.09,0.09,0.1,7158.57,6760.87,7556.27,23861.91,228.9,0.03,0.05,0.04,0.05,3667.44,8043.34,2672.07,7269.75,3659.67,8395.86,9999.18,23708.95
2023-01-20,22.59,15.4,226.2,223.0,230.8,0.91,0.93,0.91,0.97,0.09,0.08,0.09,6778.47,6401.89,7155.05,22594.9,226.7,0.03,0.04,0.03,0.04,3088.36,7448.87,2530.19,6883.75,3259.94,7862.69,8878.49,22195.309999999998
2023-01-21,26.47,21.3,230.8,225.4,231.8,0.94,0.9,0.87,0.9,0.1,0.1,0.11,7941.94,7500.72,8383.16,26473.14,229.3,0.03,0.04,0.05,0.06,2882.54,8448.87,3632.76,8334.13,4750.96,9635.82,11266.26,26418.82
2023-01-22,21.64,18.1,231.7,223.2,242.0,0.91,0.97,0.93,0.95,0.08,0.08,0.09,6492.52,6131.83,6853.22,21641.74,232.3,0.02,0.04,0.02,0.04,2958.08,7134.64,1536.78,6321.47,2708.57,7369.05,7203.43,20825.16
2023-01-23,27.76,18.8,239.4,225.1,229.7,0.97,0.9,0.94,0.94,0.11,0.1,0.11,8328.89,7866.17,8791.6,27762.95,231.4,0.03,0.03,0.05,0.04,2087.42,8586.48,3809.76,8740.19,3190.92,9352.77,9088.1,26679.44
2023-01-24,23.53,16.0,234.8,235.3,231.0,0.91,0.96,0.9,0.93,0.09,0.09,0.1,7057.73,6665.63,7449.82,23525.76,233.7,0.03,0.04,0.03,0.05,3215.6,7755.75,1944.14,6943.36,3608.11,8277.58,8767.85,22976.690000000002
2023-01-25,26.4,17.9,227.1,225.3,235.3,0.93,0.94,0.9,0.96,0.1,0.1,0.11,7921.43,7481.35,8361.51,26404.76,229.2,0.03,0.04,0.04,0.05,3130.75,8517.67,2715.37,7958.88,4049.66,9290.57,9895.779999999999,25767.12
2023-01-26,28.61,19.4,225.5,243.2,235.5,0.95,0.91,0.92,0.93,0.11,0.11,0.12,8582.04,8105.26,9058.82,28606.78,234.7,0.03,0.04,0.05,0.05,2820.78,9033.73,3692.87,8906.88,3859.04,9846.54,10372.689999999999,27787.15
2023-01-27,25.06,17.0,232.5,232.5,235.9,0.88,0.98,0.9,0.93,0.1,0.09,0.1,7516.58,7098.99,7934.17,25055.28,233.6,0.03,0.05,0.02,0.05,4057.02,8541.57,1441.51,7243.87,3842.69,8815.74,9341.22,24601.18
2023-01-28,24.87,20.2,223.4,230.9,233.2,0.87,0.89,0.91,0.92,0.1,0.09,0.1,7460.3,7045.83,7874.76,24867.65,229.2,0.03,0.06,0.05,0.05,4227.95,8575.06,3609.69,7916.66,3587.85,8653.58,11425.49,25145.300000000003
2023-01-29,22.17,18.4,239.2,225.7,224.3,0.87,0.96,0.97,0.94,0.09,0.08,0.09,6650.68,6281.2,7020.16,22168.93,229.7,0.03,0.05,0.02,0.02,3769.11,7644.46,1832.02,6542.92,1759.42,7237.28,7360.55,21424.66
2023-01-30,28.32,19.2,235.9,233.5,238.2,0.96,0.96,0.9,0.94,0.11,0.1,0.12,8497.19,8025.13,8969.26,28323.98,235.9,0.03,0.03,0.03,0.06,2478.35,8851.24,2340.66,8359.51,4344.01,9965.84,9163.02,27176.59
2023-01-31,52.62,18.7,227.7,227.1,224.3,0.9,0.91,0.9,0.91,0.21,0.19,0.22,15786.0,14909.0,16663.0,52620.01,226.4,0.06,0.1,0.09,0.11,7645.51,17540.0,6792.74,16383.52,8070.26,18514.44,22508.510000000002,52437.96000000001
2023-02-01,35.21,23.8,221.4,230.6,231.5,1.0,0.97,0.89,0.89,0.14,0.13,0.15,10561.75,9974.98,11148.51,35205.82,227.8,0.04,0.0,0.03,0.08,0.0,10561.75,2499.97,10283.48,5711.55,12526.42,8211.52,33371.65
2023-02-02,29.83,20.2,236.8,242.8,226.2,0.9,0.92,0.93,0.92,0.12,0.11,0.12,8949.02,8451.85,9446.19,29830.08,235.3,0.03,0.06,0.05,0.05,4334.21,9943.36,3600.47,9186.79,3733.37,10157.19,11668.05,29287.340000000004
2023-02-03,26.92,18.3,229.4,229.5,229.7,0.93,0.94,0.9,0.9,0.11,0.1,0.11,8075.0,7626.39,8523.61,26916.67,229.5,0.03,0.04,0.04,0.05,3191.44,8682.8,2768.01,8113.18,4128.17,9470.68,10087.62,26266.66
2023-02-04,27.77,22.2,236.2,235.7,231.6,0.97,0.94,0.89,0.92,0.11,0.1,0.11,8332.28,7869.37,8795.18,27774.26,234.5,0.03,0.03,0.04,0.06,2088.27,8589.98,2856.2,8371.67,4505.9,9882.22,9450.369999999999,26843.870000000003
2023-02-05,21.86,18.2,222.0,226.5,231.6,0.98,0.93,0.95,0.94,0.09,0.08,0.09,6557.53,6193.22,6921.84,21858.44,226.7,0.03,0.02,0.03,0.03,1331.56,6691.36,2447.72,6659.38,2275.1,7286.15,6054.379999999999,20636.89
2023-02-06,31.36,21.2,227.0,229.8,232.1,0.98,0.95,0.95,0.91,0.12,0.12,0.13,9407.81,8885.16,9930.47,31359.37,229.6,0.04,0.02,0.04,0.04,1910.34,9599.81,2920.41,9352.8,3263.99,10453.13,8094.74,29405.739999999998
2023-02-07,25.06,17.0,230.0,238.9,238.1,0.96,0.95,0.89,0.92,0.1,0.09,0.1,7518.89,7101.18,7936.61,25062.98,235.7,0.03,0.03,0.03,0.05,2193.01,7832.18,2334.04,7474.93,4066.05,8917.54,8593.1,24224.65
2023-02-08,27.16,18.4,230.2,226.9,232.3,0.95,0.88,0.85,0.92,0.11,0.1,0.11,8149.19,7696.46,8601.92,27163.97,229.8,0.03,0.04,0.05,0.07,2678.51,8578.09,4154.11,8745.98,5330.99,10119.91,12163.61,27443.98
2023-02-09,31.94,21.6,227.7,239.1,228.8,0.94,0.97,0.94,0.94,0.12,0.12,0.13,9582.88,9050.5,10115.26,31942.93,231.9,0.04,0.04,0.03,0.05,3478.12,10194.55,2268.27,9330.41,3671.35,10760.91,9417.74,30285.87
2023-02-10,33.77,22.8,233.1,233.5,234.8,0.94,0.88,0.89,0.88,0.13,0.12,0.14,10130.63,9567.82,10693.45,33768.78,233.8,0.04,0.05,0.06,0.07,3676.93,10777.27,5164.16,10872.52,5478.42,12015.11,14319.51,33664.9
2023-02-11,27.27,21.8,224.7,227.2,235.9,0.9,0.96,0.93,0.91,0.11,0.1,0.11,8179.7,7725.27,8634.13,27265.67,229.3,0.03,0.05,0.03,0.04,3961.61,9088.56,2253.2,8047.16,3412.43,9284.01,9627.24,26419.730000000003
2023-02-12,26.6,21.4,229.3,233.2,223.9,0.9,0.96,0.85,0.92,0.1,0.1,0.11,7979.97,7536.64,8423.3,26599.9,228.8,0.03,0.05,0.03,0.07,3864.88,8866.63,2198.19,7850.67,5220.29,9909.76,11283.36,26627.059999999998
2023-02-13,31.24,21.2,230.6,234.9,233.0,0.92,0.9,0.94,0.94,0.12,0.12,0.13,9370.75,8850.16,9891.35,31235.84,232.8,0.04,0.05,0.06,0.05,3991.92,10185.6,4286.33,9833.51,3590.08,10522.71,11868.33,30541.82
2023-02-14,27.89,18.9,232.6,233.1,233.5,0.91,0.92,0.87,0.91,0.11,0.1,0.12,8367.86,7902.98,8832.75,27892.88,233.1,0.03,0.05,0.04,0.07,3812.51,9195.45,3366.66,8590.2,5005.75,10152.59,12184.92,27938.24
2023-02-15,30.36,20.6,233.6,222.1,228.5,0.91,0.9,0.93,0.88,0.12,0.11,0.13,9106.54,8600.62,9612.46,30355.13,228.1,0.04,0.05,0.05,0.05,4149.06,10007.19,4165.47,9556.24,3799.09,10335.98,12113.62,29899.41
2023-02-16,31.32,21.2,224.4,226.4,236.9,0.94,0.92,0.91,0.93,0.12,0.12,0.13,9394.75,8872.82,9916.68,31315.83,229.2,0.04,0.04,0.05,0.06,3409.84,9994.41,3779.81,9644.37,4518.17,10897.45,11707.82,30536.23
2023-02-17,36.05,24.4,222.3,228.8,229.2,0.95,0.92,0.88,0.91,0.14,0.13,0.15,10814.7,10213.89,11415.52,36049.01,226.8,0.04,0.05,0.06,0.08,3554.62,11383.89,4351.1,11102.05,6161.44,12972.18,14067.16,35458.119999999995
2023-02-18,29.09,23.1,236.4,229.6,230.6,0.92,0.95,0.9,0.9,0.11,0.11,0.12,8725.55,8240.79,9210.3,29085.15,232.2,0.03,0.05,0.04,0.06,3717.07,9484.29,2708.62,8674.52,4460.75,10233.67,10886.44,28392.480000000003
2023-02-19,22.94,19.0,231.7,233.1,229.1,0.96,0.97,0.93,0.91,0.09,0.08,0.09,6881.56,6499.25,7263.87,22938.54,231.3,0.03,0.03,0.02,0.04,2007.12,7168.29,1628.87,6700.26,2870.87,7810.61,6506.86,21679.16
2023-02-20,34.37,23.2,226.3,230.9,230.1,0.89,0.97,0.91,0.92,0.13,0.13,0.14,10310.98,9738.15,10883.81,34369.93,229.1,0.04,0.07,0.03,0.06,5282.47,11585.37,2440.61,10039.33,4958.81,11960.23,12681.89,33584.93
2023-02-21,32.41,21.9,237.8,223.3,224.5,0.91,0.91,0.93,0.91,0.13,0.12,0.13,9722.72,9182.56,10262.87,32409.05,228.5,0.04,0.06,0.05,0.05,4429.8,10684.31,4183.7,10090.73,4056.15,11035.34,12669.65,31810.38
2023-02-22,31.7,21.5,230.6,231.9,222.8,0.9,0.92,0.97,0.88,0.12,0.12,0.13,9509.01,8980.73,10037.29,31696.71,228.4,0.04,0.06,0.05,0.03,4605.42,10565.57,3825.77,9761.66,2515.58,10347.72,10946.77,30674.949999999997
2023-02-23,35.72,24.1,235.9,233.1,238.0,0.86,0.88,0.86,0.94,0.14,0.13,0.15,10716.65,10121.28,11312.02,35722.18,235.7,0.04,0.08,0.07,0.09,6358.89,12461.22,5462.89,11501.45,6712.16,13153.51,18533.940000000002,37116.18
2023-02-24,37.14,25.1,230.3,232.8,225.8,0.92,0.91,0.96,0.95,0.15,0.14,0.15,11140.89,10521.95,11759.83,37136.29,229.6,0.04,0.06,0.06,0.04,4746.0,12109.66,4793.94,11562.58,3429.95,12249.82,12969.89,35922.06
2023-02-25,31.99,25.0,240.3,235.4,225.0,0.92,0.96,0.91,0.93,0.13,0.12,0.13,9596.9,9063.74,10130.07,31989.68,233.6,0.04,0.06,0.04,0.06,4088.26,10431.41,2643.59,9441.4,4615.4,11131.95,11347.25,31004.76
2023-02-26,26.83,21.6,238.8,234.2,219.2,0.97,0.98,0.88,0.9,0.1,0.1,0.11,8048.13,7601.01,8495.25,26827.11,230.7,0.03,0.03,0.02,0.06,2017.05,8297.04,1543.45,7756.13,4585.25,9653.69,8145.75,25706.86
2023-02-27,33.56,22.7,228.8,232.3,226.8,0.94,0.89,0.87,0.92,0.13,0.12,0.14,10068.71,9509.34,10628.08,33562.36,229.3,0.04,0.05,0.06,0.08,3654.45,10711.39,4871.78,10684.65,6023.21,12216.18,14549.439999999999,33612.22
2023-02-28,35.63,24.1,234.9,229.6,223.4,0.89,0.91,0.9,0.92,0.14,0.13,0.15,10687.59,10093.84,11281.35,35625.3,229.3,0.04,0.07,0.06,0.07,5475.41,12008.53,4598.89,11092.13,5463.81,12534.83,15538.11,35635.49
2023-03-01,37.7,25.5,233.2,221.7,238.2,0.98,0.93,0.94,0.93,0.15,0.14,0.16,11308.77,10680.51,11937.04,37695.9,231.0,0.05,0.03,0.06,0.06,2296.34,11539.56,4221.21,11484.42,4332.57,12698.98,10850.119999999999,35722.96
2023-03-02,33.47,22.6,236.8,232.1,235.0,0.96,0.94,0.91,0.93,0.13,0.12,0.14,10039.71,9481.95,10597.47,33465.69,234.6,0.04,0.04,0.04,0.06,2928.25,10458.03,3441.49,10087.18,4828.35,11645.57,11198.09,32190.78
2023-03-03,34.48,23.3,225.2,231.0,226.6,0.94,0.91,0.96,0.91,0.13,0.13,0.14,10342.9,9768.3,10917.51,34476.34,227.6,0.04,0.05,0.06,0.04,3753.97,11003.09,4450.57,10734.4,3184.27,11372.41,11388.81,33109.899999999994
2023-03-04,26.84,21.6,233.4,231.4,241.3,0.91,0.94,0.87,0.92,0.11,0.1,0.11,8052.16,7604.82,8499.5,26840.54,235.4,0.03,0.05,0.04,0.06,3668.67,8848.53,2760.18,8090.23,4816.89,9769.54,11245.740000000002,26708.300000000003
2023-03-05,26.69,21.5,235.3,223.6,234.9,0.89,0.92,0.91,0.93,0.1,0.1,0.11,8007.97,7563.08,8452.85,26693.22,231.3,0.03,0.05,0.04,0.05,4102.6,8997.72,3221.86,8220.74,3851.23,9288.85,11175.69,26507.309999999998
2023-03-06,37.84,25.6,221.2,224.6,228.4,0.91,0.93,0.87,0.95,0.15,0.14,0.16,11351.33,10720.7,11981.96,37837.76,224.7,0.05,0.07,0.06,0.09,5171.82,12473.99,4237.09,11527.63,6790.49,13772.37,16199.4,37773.99
2023-03-07,39.58,26.7,224.1,235.3,217.5,0.95,0.95,0.92,0.93,0.15,0.15,0.16,11874.98,11215.26,12534.7,39583.25,225.6,0.05,0.05,0.05,0.07,3903.12,12499.98,3686.28,11805.54,5339.76,13624.67,12929.16,37930.19
2023-03-08,35.41,23.9,219.8,229.8,241.5,0.98,0.93,0.94,0.94,0.14,0.13,0.15,10622.65,10032.5,11212.79,35408.83,230.4,0.04,0.03,0.05,0.05,2157.02,10839.44,3965.1,10787.63,4069.7,11928.5,10191.82,33555.57
2023-03-09,38.74,26.2,228.7,233.4,223.1,0.97,0.92,0.9,0.92,0.15,0.14,0.16,11622.52,10976.82,12268.21,38741.72,228.4,0.05,0.04,0.06,0.08,2912.88,11981.98,4676.11,11931.33,5941.77,13631.34,13530.76,37544.649999999994
2023-03-10,36.92,24.9,233.6,230.1,221.8,0.91,0.93,0.83,0.95,0.14,0.14,0.15,11075.46,10460.16,11690.76,36918.2,228.5,0.04,0.06,0.06,0.1,5046.13,12170.84,4134.12,11247.48,7856.24,14085.25,17036.489999999998,37503.57
2023-03-11,29.0,23.0,237.5,230.1,235.1,0.89,0.93,0.92,0.93,0.11,0.11,0.12,8698.8,8215.53,9182.06,28995.98,234.2,0.03,0.06,0.04,0.05,4456.53,9773.93,3246.99,8833.9,3911.54,9980.5,11615.06,28588.33
2023-03-12,32.11,25.1,230.4,234.7,242.2,0.92,0.92,0.92,0.9,0.13,0.12,0.13,9632.83,9097.67,10167.99,32109.43,235.8,0.04,0.06,0.05,0.06,4103.57,10470.47,3875.59,9888.77,4331.55,11052.16,12310.71,31411.399999999998
2023-03-13,40.73,27.5,238.1,227.4,236.9,0.87,0.92,0.92,0.95,0.16,0.15,0.17,12218.72,11539.9,12897.54,40729.07,234.1,0.05,0.09,0.06,0.07,6924.67,14044.51,4915.98,12543.37,5494.33,14019.07,17334.98,40606.95
2023-03-14,36.09,24.4,223.1,230.5,232.8,0.93,0.98,0.95,0.93,0.14,0.13,0.15,10827.9,10226.35,11429.45,36093.0,228.8,0.04,0.06,0.03,0.05,4279.46,11642.9,2076.55,10435.05,3756.68,12031.0,10112.69,34108.95
2023-03-15,40.98,27.7,221.5,227.7,233.0,0.92,0.95,0.88,0.91,0.16,0.15,0.17,12292.71,11609.78,12975.64,40975.7,227.4,0.05,0.07,0.05,0.09,5236.67,13361.64,3815.95,12220.82,7003.51,14745.05,16056.13,40327.509999999995
2023-03-16,28.5,19.3,229.7,227.8,234.3,0.91,0.92,0.93,0.91,0.11,0.11,0.12,8549.87,8074.88,9024.86,28499.56,230.6,0.03,0.05,0.05,0.05,3895.44,9395.46,3439.88,8777.04,3566.85,9704.15,10902.17,27876.65
2023-03-17,38.9,26.3,231.9,228.5,233.8,0.87,0.95,0.95,0.93,0.15,0.14,0.16,11669.18,11020.89,12317.46,38897.25,231.4,0.05,0.09,0.05,0.05,6613.23,13412.85,3622.39,11600.94,4048.55,12965.75,14284.169999999998,37979.54
2023-03-18,31.76,24.8,229.8,231.1,231.4,0.94,0.92,0.86,0.93,0.12,0.12,0.13,9528.34,8998.99,10057.69,31761.14,230.8,0.04,0.04,0.05,0.08,3458.33,10136.53,3833.55,9781.51,5967.88,11694.99,13259.76,31613.03
2023-03-19,30.67,24.1,219.7,227.6,230.5,0.9,0.97,0.92,0.92,0.12,0.11,0.13,9200.13,8689.01,9711.25,30667.11,225.9,0.04,0.06,0.03,0.06,4455.83,10222.37,2177.67,8957.74,4136.98,10555.71,10770.48,29735.82
2023-03-20,36.9,24.9,229.6,236.3,229.7,0.88,0.94,0.89,0.93,0.14,0.14,0.15,11069.76,10454.77,11684.75,36899.2,231.9,0.04,0.08,0.05,0.08,5974.82,12579.27,3794.57,11122.1,5986.27,13128.93,15755.66,36830.3
2023-03-21,30.72,20.8,223.5,225.5,226.2,0.83,0.93,0.91,0.95,0.12,0.11,0.13,9214.99,8703.05,9726.94,30716.65,225.1,0.04,0.08,0.04,0.06,6192.51,11102.4,3439.67,9358.12,4431.72,10688.95,14063.900000000001,31149.47
2023-03-22,36.07,24.4,233.3,229.1,228.6,0.92,0.94,0.92,0.94,0.14,0.13,0.15,10821.42,10220.23,11422.61,36071.4,230.3,0.04,0.06,0.05,0.06,4609.91,11762.41,3709.45,10872.59,4866.01,12415.88,13185.37,35050.88
2023-03-23,37.85,25.6,231.8,227.8,221.5,0.97,0.88,0.9,0.92,0.15,0.14,0.16,11354.53,10723.72,11985.33,37848.42,227.0,0.05,0.04,0.08,0.08,2845.71,11705.7,5788.05,12186.05,5804.76,13317.03,14438.52,37208.78
2023-03-24,41.25,27.8,225.3,237.2,229.5,0.97,0.9,0.89,0.94,0.16,0.15,0.17,12375.91,11688.36,13063.46,41253.04,230.7,0.05,0.04,0.07,0.09,3101.7,12758.67,5660.93,12987.07,6692.61,14678.04,15455.240000000002,40423.78
2023-03-25,30.3,23.9,227.4,231.0,225.1,0.91,0.89,0.91,0.9,0.12,0.11,0.13,9090.72,8585.68,9595.76,30302.4,227.8,0.04,0.05,0.06,0.06,4141.85,9989.8,4398.57,9646.83,4371.96,10544.79,12912.380000000001,30181.42
2023-03-26,29.47,23.3,224.7,235.2,224.5,0.9,0.93,0.88,0.93,0.12,0.11,0.12,8839.55,8348.46,9330.63,29465.15,228.1,0.03,0.06,0.04,0.06,4281.19,9821.72,3299.52,8976.84,5036.14,10602.99,12616.849999999999,29401.549999999996
2023-03-27,35.41,23.9,229.7,222.6,230.9,0.93,0.98,0.88,0.96,0.14,0.13,0.15,10624.31,10034.07,11214.54,35414.35,227.7,0.04,0.06,0.03,0.08,4199.0,11423.99,2037.5,10238.85,6052.97,12743.8,12289.470000000001,34406.64
2023-03-28,39.69,26.8,234.8,231.3,237.0,0.89,1.0,0.93,0.92,0.16,0.15,0.16,11907.11,11245.61,12568.62,39690.37,234.4,0.05,0.08,0.0,0.06,6100.19,13378.78,0.0,11245.61,4967.44,13514.65,11067.63,38139.04
2023-03-29,37.95,25.6,225.1,234.4,234.6,0.93,0.95,0.88,0.9,0.15,0.14,0.16,11385.15,10752.65,12017.66,37950.51,231.4,0.05,0.06,0.05,0.09,4499.7,12242.1,3534.23,11318.58,6486.45,13656.43,14520.380000000001,37217.11
2023-03-30,35.39,23.9,232.5,230.4,222.1,0.94,0.95,0.93,0.91,0.14,0.13,0.15,10617.18,10027.34,11207.03,35390.61,228.3,0.04,0.05,0.04,0.06,3853.52,11294.87,3295.83,10555.09,4429.3,12050.57,11578.650000000001,33900.53
2023-03-31,38.53,26.0,227.3,235.3,225.1,0.96,0.88,0.92,0.9,0.15,0.14,0.16,11559.26,10917.08,12201.44,38530.86,229.2,0.05,0.04,0.08,0.07,3371.45,12040.9,5892.42,12405.77,5197.79,13262.43,14461.66,37709.1
2023-04-01,57.29,25.2,226.0,227.4,234.7,0.92,0.91,0.86,0.9,0.22,0.21,0.24,17186.7,16231.88,18141.52,57289.0,229.4,0.07,0.09,0.1,0.14,7321.5,18681.2,7395.46,17837.23,10764.55,21094.79,25481.51,57613.22
2023-04-02,34.91,26.9,229.5,237.0,225.1,0.91,0.91,0.89,0.91,0.14,0.13,0.14,10471.78,9890.01,11053.55,34905.93,230.5,0.04,0.06,0.06,0.07,4771.08,11507.45,4506.02,10868.14,5662.9,12419.72,14940.0,34795.31
2023-04-03,34.89,23.6,224.8,241.5,228.9,0.89,0.91,0.95,0.89,0.14,0.13,0.14,10467.48,9885.96,11049.01,34891.61,231.7,0.04,0.07,0.06,0.05,5362.65,11761.21,4504.18,10863.69,3631.63,11630.54,13498.46,34255.44
2023-04-04,36.01,24.3,227.2,228.2,232.8,0.9,0.92,0.88,0.92,0.14,0.13,0.15,10802.42,10202.29,11402.56,36008.08,229.4,0.04,0.07,0.06,0.08,5231.85,12002.69,4346.16,11089.45,6154.45,12957.45,15732.46,36049.59
2023-04-05,35.8,24.2,224.0,227.8,225.2,0.91,0.92,0.9,0.94,0.14,0.13,0.15,10741.07,10144.34,11337.8,35803.57,225.7,0.04,0.06,0.06,0.07,4893.78,11803.37,4321.47,11026.46,5491.15,12597.56,14706.4,35427.39
2023-04-06,32.57,22.0,239.8,237.3,230.5,0.93,0.87,0.92,0.9,0.13,0.12,0.13,9772.11,9229.22,10315.01,32573.71,235.9,0.04,0.05,0.07,0.06,3862.19,10507.65,5230.44,10608.3,4394.18,11211.97,13486.81,32327.92
2023-04-07,37.83,25.6,230.2,237.9,223.3,0.95,0.95,0.93,0.95,0.15,0.14,0.16,11349.76,10719.22,11980.3,37832.53,230.5,0.05,0.05,0.05,0.06,3730.49,11947.12,3523.24,11283.39,4734.92,12882.04,11988.65,36112.55
2023-04-08,32.7,25.5,226.5,227.4,227.0,0.9,0.9,0.9,0.93,0.13,0.12,0.14,9810.84,9265.79,10355.88,32702.79,227.0,0.04,0.06,0.06,0.07,4751.61,10900.93,4487.63,10295.32,5015.58,11506.53,14254.82,32702.78
2023-04-09,31.91,24.9,231.1,227.9,231.6,0.96,0.94,0.89,0.94,0.12,0.12,0.13,9571.79,9040.03,10103.56,31905.97,230.2,0.04,0.04,0.04,0.07,2791.77,9970.61,3281.09,9617.05,5176.21,11352.31,11249.07,30939.97
2023-04-10,36.15,24.4,229.4,228.6,222.0,0.91,0.99,0.95,0.91,0.14,0.13,0.15,10846.03,10243.48,11448.59,36153.45,226.7,0.04,0.06,0.02,0.05,4941.6,11918.71,1459.62,10346.95,3762.97,12051.15,10164.19,34316.81
2023-04-11,32.57,22.0,228.9,223.3,232.2,0.92,0.9,0.96,0.94,0.13,0.12,0.13,9771.97,9229.09,10314.86,32573.24,228.1,0.04,0.06,0.06,0.04,4162.84,10621.71,4469.85,10254.54,3008.5,10744.65,11641.19,31620.9
2023-04-12,35.52,24.0,233.1,225.4,229.9,0.9,0.85,0.94,0.9,0.14,0.13,0.15,10654.54,10062.63,11246.46,35515.15,229.5,0.04,0.07,0.08,0.05,5160.23,11838.38,6236.26,11838.39,4081.92,11964.32,15478.41,35641.09
2023-04-13,35.7,24.1,233.8,225.0,232.8,0.85,0.92,0.91,0.94,0.14,0.13,0.15,10710.68,10115.64,11305.72,35702.27,230.5,0.04,0.09,0.06,0.07,6637.88,12600.8,4309.24,10995.26,5151.04,12423.87,16098.16,36019.93
2023-04-14,34.27,23.2,227.3,226.2,231.1,0.95,0.96,0.89,0.92,0.13,0.13,0.14,10281.76,9710.55,10852.97,34272.52,228.2,0.04,0.04,0.04,0.07,3379.45,10822.91,2832.24,10115.16,5560.14,12194.35,11771.83,33132.42
2023-04-15,31.14,24.4,227.1,229.8,236.8,0.94,0.99,0.89,0.93,0.12,0.12,0.13,9342.02,8823.02,9861.02,31140.06,231.2,0.04,0.04,0.02,0.07,3390.7,9938.32,1257.21,8912.14,5051.95,11079.8,9699.86,29930.26
2023-04-16,32.78,25.5,228.6,231.2,230.6,0.91,0.89,0.93,0.9,0.13,0.12,0.14,9832.88,9286.61,10379.16,32776.28,230.1,0.04,0.06,0.06,0.06,4479.99,10805.36,4757.67,10434.39,4102.11,11160.39,13339.77,32400.14
2023-04-17,42.16,28.4,218.5,237.8,227.9,0.92,0.94,0.92,0.9,0.16,0.16,0.17,12647.57,11944.92,13350.21,42158.55,228.1,0.05,0.07,0.06,0.07,5387.84,13747.36,4335.43,12707.36,5687.17,14511.1,15410.44,40965.82
2023-04-18,36.96,25.0,222.4,225.0,230.6,0.94,0.92,0.95,0.93,0.14,0.14,0.15,11086.58,10470.66,11702.5,36955.28,226.0,0.04,0.05,0.06,0.05,4023.89,11794.23,4460.48,11381.15,3846.43,12318.42,12330.8,35493.799999999996
2023-04-19,37.13,25.1,236.8,234.9,232.7,0.87,0.93,0.93,0.9,0.15,0.14,0.15,11139.43,10520.58,11758.29,37131.45,234.8,0.04,0.09,0.06,0.06,6313.01,12803.94,4158.0,11312.45,4647.17,12643.32,15118.18,36759.71
2023-04-20,36.06,24.4,238.2,228.9,230.2,0.9,1.01,0.86,0.93,0.14,0.13,0.15,10817.53,10216.55,11418.5,36058.43,232.4,0.04,0.07,,0.09,5239.17,12019.48,,10115.4,6775.34,13277.33,,35412.21
2023-04-21,30.44,20.6,228.8,229.8,230.2,0.94,0.88,0.94,0.89,0.12,0.11,0.13,9133.25,8625.85,9640.65,30444.17,229.6,0.04,0.04,0.06,0.05,3314.93,9716.22,4655.74,9802.1,3499.09,10256.01,11469.76,29774.33
2023-04-22,31.04,24.4,232.9,233.4,226.5,0.88,0.94,0.88,0.94,0.12,0.11,0.13,9310.63,8793.37,9827.88,31035.42,230.9,0.04,0.06,0.04,0.07,5025.35,10580.26,3191.57,9354.65,5304.53,11168.05,13521.45,31102.96
2023-04-23,31.21,24.5,231.6,224.4,226.7,0.93,0.94,0.9,0.9,0.12,0.12,0.13,9361.78,8841.68,9881.88,31205.93,227.6,0.04,0.05,0.04,0.06,3700.01,10066.43,3209.1,9406.04,4786.01,10979.87,11695.12,30452.340000000004
2023-04-24,43.32,29.2,245.4,231.9,223.0,0.88,0.96,0.92,0.93,0.17,0.16,0.18,12996.32,12274.3,13718.34,43321.07,233.4,0.05,0.09,0.05,0.08,7014.67,14768.55,3580.0,12785.73,5843.99,14911.24,16438.66,42465.52
2023-04-25,35.26,23.8,235.6,230.8,238.7,0.93,0.93,0.97,0.93,0.14,0.13,0.15,10576.86,9989.26,11164.47,35256.21,235.0,0.04,0.06,0.05,0.04,4180.24,11372.97,3948.01,10741.14,2798.08,11509.76,10926.33,33623.87
2023-04-26,36.64,24.8,229.4,232.5,223.8,0.92,0.94,1.0,0.91,0.14,0.14,0.15,10990.73,10380.13,11601.32,36635.76,228.6,0.04,0.06,0.05,0.0,4682.03,11946.45,3767.48,11042.69,0.0,11601.32,8449.51,34590.46
2023-04-27,35.52,24.0,225.2,231.4,226.5,0.87,0.92,0.93,0.93,0.14,0.13,0.15,10656.22,10064.2,11248.23,35520.72,227.7,0.04,0.08,0.06,0.06,6039.16,12248.53,4287.33,10939.35,4445.58,12094.87,14772.07,35282.75
2023-04-28,32.01,21.7,222.0,242.3,226.4,0.95,0.94,0.9,0.93,0.13,0.12,0.13,9602.55,9069.07,10136.02,32008.5,230.2,0.04,0.04,0.04,0.06,3156.21,10107.95,3291.63,9647.95,4909.1,11262.24,11356.94,31018.14
2023-04-29,33.83,26.2,231.0,226.8,234.5,0.9,0.92,0.93,0.91,0.13,0.13,0.14,10148.6,9584.78,10712.41,33828.65,230.8,0.04,0.06,0.06,0.06,4915.19,11276.22,4083.1,10418.24,4233.82,11518.72,13232.109999999999,33213.18
2023-04-30,32.54,25.4,226.2,227.3,228.5,0.9,0.95,0.94,0.9,0.13,0.12,0.13,9761.29,9219.0,10303.59,32537.64,227.3,0.04,0.06,0.04,0.05,4727.61,10845.88,3030.14,9704.21,3739.7,10961.27,11497.45,31511.359999999997
2023-05-01,37.53,25.4,222.9,226.9,236.2,0.93,0.92,0.9,0.88,0.15,0.14,0.16,11259.79,10634.25,11885.33,37532.64,228.7,0.05,0.06,0.06,0.08,4450.15,12107.3,4530.17,11558.97,5756.33,13205.92,14736.65,36872.189999999995
2023-05-02,32.31,21.9,226.8,227.2,226.6,0.95,0.94,0.96,0.93,0.13,0.12,0.13,9691.55,9153.13,10229.97,32305.16,226.9,0.04,0.04,0.04,0.04,3185.46,10201.63,3322.14,9737.37,2983.74,10656.22,9491.34,30595.22
2023-05-03,39.11,26.4,224.6,226.8,231.4,0.89,0.93,0.92,0.89,0.15,0.14,0.16,11733.48,11081.62,12385.34,39111.6,227.6,0.05,0.08,0.06,0.07,6011.24,13183.69,4379.74,11915.72,5276.13,13462.33,15667.11,38561.74
2023-05-04,30.56,20.7,238.4,235.9,225.8,0.92,0.96,0.92,0.92,0.12,0.11,0.13,9169.11,8659.72,9678.51,30563.71,233.4,0.04,0.05,0.03,0.06,3906.02,9966.42,2525.75,9020.54,4123.03,10520.12,10554.8,29507.08
2023-05-05,36.39,24.6,234.4,237.1,240.7,0.93,0.93,0.93,0.91,0.14,0.13,0.15,10917.63,10311.09,11524.16,36392.08,237.4,0.04,0.06,0.05,0.06,4314.92,11739.39,4075.2,11087.19,4554.64,12391.57,12944.759999999998,35218.15
2023-05-06,36.06,27.7,230.0,227.1,224.1,0.94,0.88,0.92,0.93,0.14,0.13,0.15,10818.41,10217.39,11419.43,36061.36,227.1,0.04,0.05,0.07,0.06,3926.56,11508.95,5514.76,11610.67,4864.66,12412.42,14305.98,35532.04
2023-05-07,26.37,21.2,237.4,225.8,231.5,0.93,0.97,0.94,0.91,0.1,0.1,0.11,7911.94,7472.39,8351.5,26373.15,231.6,0.03,0.04,0.03,0.04,3127.0,8507.46,1872.76,7703.49,3031.19,8884.57,8030.950000000001,25095.519999999997
2023-05-08,32.5,22.0,230.4,232.4,233.2,0.91,0.9,0.89,0.91,0.13,0.12,0.13,9749.08,9207.47,10290.7,32496.95,232.0,0.04,0.06,0.06,0.07,4441.81,10713.27,4459.38,10230.52,5272.08,11562.58,14173.27,32506.370000000003
2023-05-09,34.34,23.2,225.7,227.2,232.1,0.9,0.91,0.89,0.93,0.13,0.13,0.14,10302.67,9730.3,10875.04,34342.25,228.3,0.04,0.06,0.06,0.07,4989.81,11447.41,4433.26,10692.64,5571.45,12219.15,14994.52,34359.2
2023-05-10,32.38,21.9,237.6,233.2,229.1,0.92,0.91,0.88,0.93,0.13,0.12,0.13,9713.02,9173.41,10252.63,32376.73,233.3,0.04,0.06,0.05,0.07,4137.73,10557.63,4179.53,10080.67,5533.78,11650.72,13851.039999999997,32289.019999999997
2023-05-11,29.08,19.7,232.7,231.0,229.4,0.89,0.97,0.92,0.93,0.11,0.11,0.12,8722.64,8238.05,9207.24,29075.48,231.0,0.03,0.06,0.03,0.05,4468.74,9800.72,2064.65,8492.84,3922.27,10007.87,10455.66,28301.43
2023-05-12,33.77,22.8,224.8,222.4,230.2,0.83,0.87,0.93,0.93,0.13,0.12,0.14,10131.0,9568.16,10693.83,33769.99,225.8,0.04,0.09,0.07,0.06,6808.07,12206.02,5422.53,10997.89,4226.47,11498.74,16457.07,34702.65
2023-05-13,25.21,20.5,229.0,237.7,229.3,0.93,1.02,0.92,0.89,0.1,0.09,0.1,7563.23,7143.05,7983.41,25210.77,232.0,0.03,0.04,,0.04,2989.18,8132.51,,7002.99,3400.92,8677.62,,23813.120000000003
2023-05-14,29.65,23.4,225.6,239.0,234.8,0.95,0.96,0.96,0.94,0.12,0.11,0.12,8894.53,8400.39,9388.67,29648.44,233.1,0.03,0.04,0.03,0.04,2923.49,9362.66,2450.11,8750.41,2738.36,9779.86,8111.960000000001,27892.93
2023-05-15,30.3,20.5,223.1,226.9,241.1,0.85,0.94,0.91,0.93,0.12,0.11,0.13,9088.81,8583.87,9593.74,30296.03,230.4,0.04,0.07,0.04,0.06,5632.74,10692.72,3115.53,9131.78,4371.04,10542.57,13119.310000000001,30367.07
2023-05-16,37.53,25.4,234.6,228.1,227.2,0.89,0.93,0.93,0.9,0.15,0.14,0.16,11258.23,10632.78,11883.69,37527.45,230.0,0.05,0.08,0.06,0.06,5767.76,12649.7,4202.34,11433.1,4696.73,12778.16,14666.83,36860.96000000001
2023-05-17,30.35,20.6,239.5,231.4,223.2,0.94,0.94,0.88,0.92,0.12,0.11,0.13,9104.4,8598.6,9610.2,30347.99,231.4,0.04,0.04,0.04,0.07,3304.46,9685.53,3120.88,9147.45,5187.04,10920.68,11612.380000000001,29753.660000000003
2023-05-18,31.55,21.4,223.0,231.7,229.6,0.98,0.95,0.9,0.92,0.12,0.12,0.13,9464.54,8938.74,9990.35,31548.48,228.1,0.04,0.02,0.04,0.06,1921.86,9657.69,2938.02,9409.2,4838.55,11100.39,9698.43,30167.28
2023-05-19,34.77,23.5,232.8,233.3,242.9,0.92,0.95,0.93,0.92,0.14,0.13,0.14,10430.7,9851.22,11010.18,34769.0,236.3,0.04,0.06,0.04,0.06,4443.46,11337.72,3237.94,10369.71,4351.5,11838.9,12032.9,33546.33
2023-05-20,23.45,19.3,226.7,240.1,226.0,0.9,0.95,0.94,0.93,0.09,0.09,0.1,7033.97,6643.19,7424.74,23446.56,230.9,0.03,0.04,0.03,0.04,3406.71,7815.52,2183.51,6992.83,2694.82,7898.66,8285.04,22707.010000000002
2023-05-21,27.63,22.1,227.6,229.1,238.2,0.91,0.93,0.9,0.95,0.11,0.1,0.11,8288.77,7828.28,8749.25,27629.22,231.6,0.03,0.05,0.04,0.05,3776.48,9108.54,3093.93,8417.51,4237.46,9721.39,11107.869999999999,27247.440000000002
2023-05-22,35.67,24.1,227.0,226.0,238.4,0.96,0.92,0.91,0.94,0.14,0.13,0.15,10701.9,10107.35,11296.45,35672.99,230.5,0.04,0.04,0.06,0.07,3121.39,11147.81,4305.71,10986.25,5146.81,12413.68,12573.91,34547.74
2023-05-23,26.73,18.2,225.7,223.1,227.2,0.9,0.93,0.86,0.89,0.1,0.1,0.11,8019.28,7573.76,8464.79,26730.93,225.3,0.03,0.05,0.04,0.07,3883.91,8910.31,2993.34,8143.83,5022.71,9842.78,11899.96,26896.92
2023-05-24,31.91,21.6,230.2,226.3,232.8,0.9,0.92,0.9,0.93,0.12,0.12,0.13,9571.87,9040.1,10103.65,31906.25,229.8,0.04,0.06,0.05,0.06,4635.87,10635.41,3851.07,9826.2,4893.42,11226.28,13380.36,31687.89
2023-05-25,31.93,21.6,225.8,229.8,238.1,0.91,0.96,0.94,0.95,0.12,0.12,0.13,9578.45,9046.32,10110.59,31928.18,231.2,0.04,0.05,0.04,0.05,4364.07,10525.77,2638.51,9423.25,3669.65,10755.95,10672.23,30704.97
2023-05-26,33.29,22.5,231.4,239.0,228.1,0.89,0.95,0.93,0.93,0.13,0.12,0.14,9986.24,9431.45,10541.03,33287.46,232.8,0.04,0.07,0.04,0.06,5116.1,11220.49,3099.97,9927.84,4166.08,11334.44,12382.15,32482.770000000004
2023-05-27,22.02,18.3,229.7,227.4,229.0,0.92,0.84,0.93,0.94,0.09,0.08,0.09,6606.58,6239.55,6973.61,22021.93,228.7,0.03,0.04,0.05,0.04,2814.39,7181.07,4030.35,7428.04,2756.15,7498.51,9600.89,22107.620000000003
2023-05-28,21.56,18.0,228.8,231.1,227.1,0.97,0.95,0.91,0.96,0.08,0.08,0.09,6467.88,6108.55,6827.21,21559.6,229.0,0.02,0.02,0.03,0.04,1621.0,6667.92,2007.78,6430.05,3110.57,7502.43,6739.35,20600.4
2023-05-29,31.87,21.6,225.5,229.9,224.9,0.93,0.94,0.91,0.94,0.12,0.12,0.13,9561.73,9030.53,10092.94,31872.45,226.8,0.04,0.05,0.04,0.06,3779.04,10281.43,3277.64,9606.95,4598.48,11091.14,11655.16,30979.52
2023-05-30,30.98,21.0,227.1,235.9,226.8,0.91,0.93,0.89,0.92,0.12,0.11,0.13,9294.23,8777.88,9810.57,30980.75,229.9,0.04,0.05,0.04,0.07,4234.58,10213.44,3469.24,9438.58,5026.1,11023.11,12729.92,30675.13
2023-05-31,30.62,20.7,233.8,242.6,223.9,0.91,0.92,0.93,0.94,0.12,0.11,0.13,9186.61,8676.25,9696.98,30622.05,233.4,0.04,0.05,0.05,0.05,4185.54,10095.18,3696.07,9430.71,3832.49,10426.86,11714.1,29952.75
2023-06-01,30.69,20.8,232.5,227.3,230.2,0.87,0.96,0.92,0.92,0.12,0.11,0.13,9206.5,8695.03,9717.97,30688.33,230.0,0.04,0.07,0.03,0.06,5217.56,10582.18,2536.05,9057.32,4139.84,10563.01,11893.45,30202.510000000002
2023-06-02,27.39,18.6,225.1,227.6,226.2,0.95,0.96,0.92,0.92,0.11,0.1,0.11,8215.52,7759.1,8671.93,27385.06,226.3,0.03,0.04,0.03,0.05,2700.31,8647.92,2263.07,8082.4,3694.23,9426.01,8657.61,26156.33
2023-06-03,24.9,20.3,230.5,235.2,231.2,0.92,0.91,0.89,0.91,0.1,0.09,0.1,7468.75,7053.82,7883.68,24895.82,232.3,0.03,0.04,0.04,0.05,3181.67,8118.21,3213.82,7751.45,4038.93,8858.07,10434.42,24727.73
2023-06-04,24.85,20.2,233.8,233.4,222.2,0.91,0.94,0.85,0.95,0.1,0.09,0.1,7455.02,7040.85,7869.19,24850.07,229.8,0.03,0.05,0.03,0.06,3396.61,8192.33,2555.49,7490.27,4876.89,9257.87,10828.990000000002,24940.47
2023-06-05,26.6,18.1,221.7,239.2,231.7,1.02,0.9,0.94,0.9,0.1,0.1,0.11,7979.25,7535.96,8422.54,26597.5,230.9,0.03,,0.05,0.04,,7822.79,3649.83,8373.29,3056.97,8960.15,,25156.230000000003
2023-06-06,34.11,23.1,232.7,232.9,234.2,0.93,0.89,0.9,0.95,0.13,0.13,0.14,10231.67,9663.25,10800.1,34105.58,233.3,0.04,0.05,0.07,0.07,4043.81,11001.8,4950.63,10857.58,5230.73,12000.11,14225.17,33859.49
2023-06-07,29.7,20.1,226.7,228.2,220.0,0.9,0.91,0.88,0.93,0.12,0.11,0.12,8908.65,8413.73,9403.58,29695.52,225.0,0.03,0.06,0.05,0.06,4314.66,9898.5,3833.41,9245.86,5075.51,10685.89,13223.58,29830.25
2023-06-08,24.46,16.6,232.9,233.0,231.9,0.91,0.96,0.93,0.89,0.1,0.09,0.1,7339.2,6931.47,7746.93,24464.0,232.6,0.03,0.05,0.03,0.04,3343.84,8065.05,2021.68,7220.28,3061.78,8330.03,8427.300000000001,23615.36
2023-06-09,29.77,20.2,226.2,235.5,236.1,0.95,0.96,0.9,0.93,0.12,0.11,0.12,8930.9,8434.74,9427.06,29769.66,232.6,0.03,0.04,0.03,0.06,2935.44,9400.95,2460.13,8786.19,4565.73,10474.51,9961.3,28661.65
2023-06-10,19.64,16.8,221.0,234.1,224.0,0.92,0.95,0.94,0.88,0.08,0.07,0.08,5890.9,5563.62,6218.17,19636.32,226.4,0.02,0.03,0.02,0.03,2509.51,6403.15,1828.67,5856.44,2256.89,6615.07,6595.07,18874.66
2023-06-11,24.68,20.1,221.9,232.5,238.4,0.88,0.95,0.93,0.93,0.1,0.09,0.1,7404.1,6992.76,7815.44,24680.33,230.9,0.03,0.05,0.03,0.04,3996.31,8413.75,2298.41,7360.8,3088.86,8403.7,9383.58,24178.25
2023-06-12,30.55,20.7,230.2,235.3,232.1,0.95,0.95,0.93,0.94,0.12,0.11,0.13,9165.59,8656.4,9674.79,30551.98,232.5,0.04,0.04,0.04,0.05,3012.58,9647.99,2845.22,9112.0,3823.72,10403.0,9681.519999999999,29162.989999999998
2023-06-13,24.37,16.6,231.3,235.8,226.5,0.9,0.91,0.87,0.91,0.1,0.09,0.1,7310.93,6904.77,7717.09,24369.76,231.2,0.03,0.05,0.04,0.06,3540.85,8123.26,3145.91,7587.66,4373.48,8870.22,11060.24,24581.14
2023-06-14,29.48,20.0,225.5,236.9,229.7,0.98,0.94,0.95,0.92,0.12,0.11,0.12,8842.83,8351.56,9334.1,29476.11,230.7,0.03,0.02,0.04,0.04,1795.61,9023.3,3031.21,8884.64,3067.97,9825.37,7894.789999999999,27733.309999999998
2023-06-15,27.58,18.7,233.2,233.2,232.8,0.95,0.95,0.92,0.96,0.11,0.1,0.11,8273.14,7813.52,8732.76,27577.12,233.1,0.03,0.04,0.03,0.05,2719.25,8708.57,2568.18,8224.76,3720.14,9492.13,9007.57,26425.46
2023-06-16,28.56,19.4,221.7,229.2,230.4,0.91,0.95,0.9,0.91,0.11,0.11,0.12,8566.94,8091.0,9042.88,28556.47,227.1,0.03,0.05,0.04,0.06,3903.21,9414.22,2659.38,8516.84,4379.67,10047.64,10942.26,27978.699999999997
2023-06-17,26.53,21.4,229.7,230.7,232.7,0.96,0.97,0.91,0.9,0.1,0.1,0.11,7959.29,7517.11,8401.47,26530.97,231.0,0.03,0.03,0.03,0.05,2321.46,8290.93,1883.97,7749.6,3827.82,9232.38,8033.25,25272.91
2023-06-18,19.85,16.9,223.9,236.0,225.4,0.92,0.95,0.86,0.95,0.08,0.07,0.08,5956.07,5625.18,6286.96,19853.57,228.4,0.02,0.03,0.02,0.05,2537.28,6473.99,1848.91,5921.24,3730.46,7310.42,8116.650000000001,19705.65
2023-06-19,23.08,15.7,226.7,225.9,230.8,0.95,0.94,0.92,0.96,0.09,0.09,0.1,6922.98,6538.37,7307.59,23076.61,227.8,0.03,0.03,0.03,0.04,2275.47,7287.35,2373.11,6955.71,3113.02,7943.03,7761.6,22186.09
2023-06-20,22.42,15.3,230.2,231.8,222.9,0.93,0.96,0.88,0.92,0.09,0.08,0.09,6724.91,6351.3,7098.51,22416.36,228.3,0.03,0.04,0.02,0.05,2657.85,7231.09,1852.46,6615.94,3831.37,8066.49,8341.68,21913.519999999997
2023-06-21,22.38,15.3,225.7,228.0,229.4,0.89,0.93,0.87,0.94,0.09,0.08,0.09,6715.09,6342.03,7088.15,22383.63,227.7,0.03,0.05,0.03,0.05,3440.24,7545.04,2506.53,6819.39,4017.04,8147.3,9963.810000000001,22511.73
2023-06-22,24.35,16.6,228.1,230.1,225.5,0.9,0.9,0.86,0.95,0.1,0.09,0.1,7303.52,6897.77,7709.28,24345.08,227.9,0.03,0.05,0.04,0.06,3537.26,8115.02,3340.74,7664.19,4574.42,8964.28,11452.42,24743.489999999998
2023-06-23,25.34,17.2,235.0,236.4,226.3,0.95,0.93,0.94,0.91,0.1,0.09,0.1,7603.32,7180.91,8025.73,25344.4,232.6,0.03,0.03,0.04,0.04,2499.09,8003.49,2838.08,7721.41,2912.95,8538.01,8250.119999999999,24262.91
2023-06-24,19.89,16.9,227.1,231.0,236.2,0.91,0.91,0.89,0.91,0.08,0.07,0.08,5968.46,5636.88,6300.04,19894.88,231.4,0.02,0.04,0.03,0.04,2719.31,6558.75,2568.24,6194.37,3227.61,7078.7,8515.16,19831.82
2023-06-25,21.29,17.9,234.2,230.2,235.5,0.91,0.91,0.96,0.94,0.08,0.08,0.09,6386.88,6032.05,6741.71,21289.6,233.3,0.02,0.04,0.04,0.03,2909.95,7018.55,2748.28,6628.63,1966.33,7022.61,7624.5599999999995,20669.79
2023-06-26,23.59,16.1,224.4,223.2,233.0,0.89,0.93,0.89,0.95,0.09,0.09,0.1,7076.93,6683.77,7470.09,23589.76,226.9,0.03,0.05,0.04,0.05,3625.62,7951.61,2641.59,7186.85,3827.04,8393.36,10094.25,23531.82
2023-06-27,27.65,18.8,232.6,233.7,224.5,0.93,0.91,0.86,0.93,0.11,0.1,0.11,8296.08,7835.19,8756.98,27653.61,230.3,0.03,0.04,0.05,0.07,3278.82,8920.52,3569.82,8610.1,5196.09,10182.53,12044.73,27713.15
2023-06-28,22.24,15.2,237.2,233.2,228.4,0.98,0.92,0.88,0.9,0.09,0.08,0.09,6672.27,6301.59,7042.95,22240.9,232.9,0.03,0.02,0.03,0.05,1354.86,6808.44,2684.47,6849.55,3801.38,8003.35,7840.71,21661.34
2023-06-29,30.94,21.0,217.6,240.8,236.1,0.89,0.87,0.95,0.96,0.12,0.11,0.13,9281.08,8765.46,9796.69,30936.93,231.5,0.04,0.06,0.06,0.04,4754.84,10428.18,4967.62,10075.24,3220.02,10312.31,12942.48,30815.729999999996
2023-06-30,49.39,16.6,226.0,228.5,230.7,0.92,0.94,0.91,0.91,0.19,0.18,0.2,14818.42,13995.18,15641.67,49394.74,228.4,0.06,0.08,0.07,0.09,6312.62,16106.98,5079.57,14888.49,7126.56,17188.65,18518.75,48184.12
2023-07-01,14.69,13.5,232.9,231.1,241.6,0.96,0.93,0.89,0.91,0.06,0.05,0.06,4406.23,4161.44,4651.02,14687.44,235.2,0.02,0.02,0.02,0.03,1285.15,4589.82,1644.71,4474.67,2382.79,5225.87,5312.65,14290.36
2023-07-02,13.79,12.9,229.0,231.2,232.0,0.92,0.91,0.91,0.93,0.05,0.05,0.06,4136.2,3906.41,4365.99,13787.32,230.7,0.02,0.02,0.02,0.03,1762.01,4495.87,1779.81,4292.76,1989.2,4797.79,5531.0199999999995,13586.420000000002
2023-07-03,23.19,15.8,231.9,237.9,231.0,0.93,0.95,0.93,0.95,0.09,0.09,0.1,6956.55,6570.08,7343.03,23188.51,233.6,0.03,0.04,0.03,0.04,2749.4,7480.16,2159.48,6915.87,2902.15,7895.73,7811.030000000001,22291.76
2023-07-04,20.81,14.2,227.0,229.5,228.5,0.89,0.96,0.94,0.94,0.08,0.08,0.09,6243.56,5896.7,6590.43,20811.87,228.3,0.02,0.04,0.02,0.03,3198.67,7015.24,1719.87,6142.4,2392.01,7011.1,7310.55,20168.739999999998
2023-07-05,23.37,15.9,230.4,231.4,230.7,0.93,0.88,0.95,0.93,0.09,0.09,0.1,7009.67,6620.25,7399.1,23365.58,230.8,0.03,0.04,0.05,0.03,2770.4,7537.28,3573.23,7523.01,2431.97,7788.53,8775.6,22848.82
2023-07-06,22.38,15.3,229.2,233.0,229.2,0.91,0.91,0.9,0.93,0.09,0.08,0.09,6715.45,6342.37,7088.53,22384.85,230.5,0.03,0.04,0.04,0.04,3059.65,7379.62,2889.67,6969.64,3433.13,7876.14,9382.45,22225.4
2023-07-07,20.49,14.0,235.8,230.9,233.5,0.95,0.91,0.87,0.92,0.08,0.08,0.08,6146.55,5805.08,6488.03,20488.51,233.4,0.02,0.03,0.04,0.05,2020.27,6470.05,2644.87,6379.21,3676.94,7457.51,8342.08,20306.77
2023-07-08,12.91,12.3,231.3,227.8,234.8,0.96,0.9,0.9,0.93,0.05,0.05,0.05,3872.66,3657.51,4087.81,12908.86,231.3,0.02,0.01,0.02,0.02,1129.53,4034.02,1771.41,4063.9,1979.82,4542.01,4880.76,12639.93
2023-07-09,10.65,10.8,231.7,231.0,226.1,1.0,0.95,0.92,0.87,0.04,0.04,0.04,3194.22,3016.77,3371.68,10647.41,229.6,0.01,0.0,0.01,0.02,0.0,3194.22,991.56,3175.55,1436.33,3664.87,2427.89,10034.64
2023-07-10,18.6,12.7,227.9,235.4,223.3,0.94,0.92,0.88,0.91,0.07,0.07,0.08,5578.7,5268.77,5888.62,18595.65,228.9,0.02,0.03,0.03,0.04,2024.8,5934.79,2244.49,5726.92,3178.34,6691.61,7447.63,18353.32
2023-07-11,22.25,15.2,227.6,224.9,220.8,0.93,0.92,0.88,0.92,0.09,0.08,0.09,6674.48,6303.67,7045.28,22248.26,224.4,0.03,0.04,0.03,0.05,2637.92,7176.86,2685.35,6851.82,3802.64,8006.0,9125.91,22034.68
2023-07-12,20.07,13.7,227.8,230.7,232.5,0.93,0.87,0.92,0.9,0.08,0.07,0.08,6019.77,5685.34,6354.2,20065.9,230.3,0.02,0.03,0.04,0.03,2379.17,6472.87,3222.03,6534.87,2706.88,6906.74,8308.080000000002,19914.48
2023-07-13,15.43,10.6,232.0,226.5,224.5,0.91,0.95,0.91,0.93,0.06,0.06,0.06,4629.52,4372.32,4886.71,15431.72,227.7,0.02,0.03,0.02,0.03,2109.27,5087.38,1437.11,4602.44,2226.45,5370.01,5772.83,15059.83
2023-07-14,19.43,13.3,227.9,236.0,219.2,0.93,0.89,0.91,0.92,0.08,0.07,0.08,5830.39,5506.48,6154.3,19434.64,227.7,0.02,0.03,0.04,0.04,2304.32,6269.24,2821.05,6187.06,2803.98,6762.97,7929.35,19219.27
2023-07-15,14.82,13.5,231.4,222.4,231.9,0.91,0.93,0.89,0.96,0.06,0.05,0.06,4445.44,4198.47,4692.41,14818.14,228.6,0.02,0.03,0.02,0.03,2025.4,4885.1,1659.34,4514.48,2403.99,5272.37,6088.73,14671.95
2023-07-16,10.76,10.8,240.4,227.2,242.5,0.93,0.94,0.9,0.95,0.04,0.04,0.04,3227.61,3048.3,3406.92,10758.69,236.7,0.01,0.02,0.01,0.02,1275.63,3470.55,1106.39,3242.87,1650.05,3785.47,4032.0700000000006,10498.89
2023-07-17,18.62,12.7,234.4,231.9,230.0,0.96,0.97,0.88,0.91,0.07,0.07,0.08,5586.18,5275.83,5896.52,18620.59,232.1,0.02,0.02,0.02,0.04,1629.3,5818.94,1322.25,5439.0,3182.6,6700.59,6134.15,17958.53
2023-07-18,18.08,12.4,228.4,237.8,234.2,0.89,0.89,0.94,0.92,0.07,0.07,0.07,5425.3,5123.89,5726.71,18084.33,233.5,0.02,0.04,0.04,0.03,2779.46,6095.84,2625.05,5757.18,2078.52,6092.24,7483.030000000001,17945.260000000002
2023-07-19,14.23,9.8,236.0,229.7,230.4,0.95,0.84,0.94,0.92,0.06,0.05,0.06,4269.69,4032.49,4506.9,14232.31,232.0,0.02,0.02,0.03,0.02,1403.38,4494.41,2604.73,4800.58,1635.79,4794.57,5643.9,14089.56
2023-07-20,18.49,12.7,228.0,227.2,229.5,0.96,0.94,0.85,0.91,0.07,0.07,0.08,5546.22,5238.09,5854.34,18487.38,228.2,0.02,0.02,0.03,0.05,1617.65,5777.31,1901.17,5572.44,3628.19,6887.46,7147.01,18237.21
2023-07-21,18.85,12.9,219.8,239.4,234.6,0.92,0.98,0.88,0.92,0.07,0.07,0.08,5655.16,5340.99,5969.34,18850.55,231.3,0.02,0.03,0.01,0.04,2409.09,6146.91,1084.53,5449.99,3221.91,6783.34,6715.53,18380.239999999998
2023-07-22,15.17,13.8,225.0,222.8,228.5,0.86,0.97,0.87,0.9,0.06,0.06,0.06,4551.89,4299.0,4804.77,15172.96,225.4,0.02,0.04,0.02,0.03,2700.93,5292.9,1077.43,4431.96,2722.99,5522.72,6501.349999999999,15247.580000000002
2023-07-23,14.84,13.6,220.6,219.0,231.3,0.9,0.94,0.89,0.9,0.06,0.05,0.06,4452.7,4205.33,4700.07,14842.33,223.6,0.02,0.03,0.02,0.03,2156.54,4947.44,1526.33,4473.76,2407.92,5280.98,6090.79,14702.18
2023-07-24,12.31,8.5,228.2,232.2,231.6,0.96,0.92,0.91,0.93,0.05,0.05,0.05,3691.99,3486.88,3897.1,12306.63,230.7,0.02,0.01,0.02,0.02,1076.83,3845.82,1485.4,3790.09,1775.57,4282.53,4337.8,11918.439999999999
2023-07-25,13.39,9.3,230.1,227.5,226.7,0.92,0.95,0.87,0.93,0.05,0.05,0.06,4015.96,3792.85,4239.07,13386.52,228.1,0.02,0.02,0.02,0.03,1710.79,4365.17,1246.65,3992.47,2402.39,4872.49,5359.83,13230.13
2023-07-26,17.51,12.0,238.4,224.9,235.0,0.89,0.9,0.88,0.9,0.07,0.06,0.07,5252.16,4960.37,5543.95,17507.2,232.8,0.02,0.04,0.03,0.04,2690.76,5901.3,2402.42,5511.52,2992.31,6299.94,8085.49,17712.76
2023-07-27,17.27,11.8,231.6,233.5,229.1,0.9,0.94,0.88,0.94,0.07,0.06,0.07,5180.2,4892.41,5467.99,17267.34,231.4,0.02,0.03,0.02,0.04,2508.89,5755.78,1775.71,5204.69,2951.31,6213.62,7235.91,17174.09
2023-07-28,17.04,11.7,228.9,231.2,226.2,0.95,0.95,0.92,0.91,0.07,0.06,0.07,5111.07,4827.12,5395.01,17036.89,228.8,0.02,0.02,0.02,0.03,1679.93,5380.07,1586.6,5081.18,2298.26,5864.14,5564.79,16325.39
2023-07-29,21.82,18.2,234.1,227.2,232.7,0.94,0.96,0.91,0.93,0.09,0.08,0.09,6545.29,6181.66,6908.92,21817.64,231.3,0.03,0.03,0.02,0.04,2375.62,6963.07,1802.98,6439.23,3147.8,7592.22,7326.400000000001,20994.52
2023-07-30,11.74,11.5,218.9,223.6,225.5,0.91,1.01,0.89,0.94,0.05,0.04,0.05,3522.55,3326.85,3718.24,11741.82,222.7,0.01,0.02,,0.03,1604.92,3870.93,,3293.91,1904.91,4177.8,,11342.64
2023-07-31,18.21,12.5,231.2,234.4,230.1,0.91,0.94,0.92,0.92,0.07,0.07,0.08,5462.29,5158.83,5765.75,18207.63,231.9,0.02,0.03,0.03,0.03,2488.69,6002.52,1872.41,5488.12,2456.2,6267.12,6817.3,17757.76
2023-08-01,17.44,12.0,233.9,233.3,230.0,0.91,0.91,0.89,0.93,0.07,0.06,0.07,5231.06,4940.45,5521.68,17436.87,232.4,0.02,0.03,0.03,0.04,2383.34,5748.42,2250.94,5429.07,2828.84,6204.13,7463.120000000001,17381.62
2023-08-02,16.31,11.2,222.6,229.5,235.4,0.89,0.93,0.9,0.91,0.06,0.06,0.07,4891.56,4619.8,5163.31,16305.18,229.2,0.02,0.03,0.02,0.03,2506.02,5496.13,1825.86,4967.53,2500.71,5737.01,6832.59,16200.67
2023-08-03,13.18,9.1,235.7,239.2,232.4,0.97,0.88,0.96,0.92,0.05,0.05,0.05,3955.09,3735.36,4174.81,13183.62,235.8,0.02,0.01,0.03,0.01,991.24,4077.41,2016.13,4244.73,1217.65,4348.76,4225.02,12670.9
2023-08-04,16.19,11.1,231.7,224.6,229.9,0.91,0.91,0.95,0.92,0.06,0.06,0.07,4856.13,4586.35,5125.92,16187.11,228.7,0.02,0.03,0.03,0.02,2212.52,5336.41,2089.6,5039.95,1684.81,5395.71,5986.93,15772.07
2023-08-05,6.37,7.9,227.9,222.4,234.1,0.96,0.92,0.87,0.91,0.02,0.02,0.03,1912.47,1806.22,2018.72,6374.9,228.1,0.01,0.01,0.01,0.02,557.8,1992.16,769.45,1963.28,1144.06,2320.37,2471.31,6275.8099999999995
2023-08-06,7.77,8.8,233.2,226.5,237.0,0.97,0.91,0.93,0.92,0.03,0.03,0.03,2330.57,2201.1,2460.05,7768.57,232.2,0.01,0.01,0.01,0.01,584.1,2402.65,1002.85,2418.79,972.27,2645.22,2559.2200000000003,7466.66
2023-08-07,11.81,8.2,241.4,229.8,232.8,0.95,0.93,0.93,0.89,0.05,0.04,0.05,3543.34,3346.49,3740.19,11811.13,234.7,0.01,0.02,0.02,0.02,1164.64,3729.83,1322.62,3598.38,1478.22,4021.71,3965.4800000000005,11349.92
2023-08-08,13.3,9.2,230.9,231.2,230.1,0.91,0.91,0.88,0.91,0.05,0.05,0.05,3991.09,3769.36,4212.82,13303.64,230.7,0.02,0.02,0.02,0.03,1818.39,4385.81,1717.37,4142.15,2273.84,4787.3,5809.6,13315.259999999998
2023-08-09,19.8,13.5,231.2,228.8,223.4,0.93,0.96,0.93,0.91,0.08,0.07,0.08,5938.63,5608.71,6268.56,19795.45,227.8,0.02,0.03,0.02,0.03,2347.1,6385.62,1635.87,5842.41,2477.49,6740.39,6460.459999999999,18968.42
2023-08-10,7.05,5.0,227.7,231.8,224.7,0.92,0.93,0.96,0.91,0.03,0.03,0.03,2113.76,1996.33,2231.19,7045.86,228.1,0.01,0.01,0.01,0.01,900.46,2297.57,789.0,2146.59,650.76,2324.16,2340.2200000000003,6768.32
2023-08-11,14.51,10.0,225.8,223.7,228.5,0.89,0.93,0.88,0.92,0.06,0.05,0.06,4351.62,4109.86,4593.38,14505.4,226.0,0.02,0.03,0.02,0.03,2229.4,4889.46,1624.32,4419.2,2479.24,5219.75,6332.96,14528.41
2023-08-12,2.41,5.3,234.2,237.2,227.0,0.93,0.92,0.88,0.92,0.01,0.01,0.01,723.09,682.92,763.26,2410.29,232.8,0.0,0.0,0.0,0.01,285.78,777.52,290.92,742.3,411.96,867.34,988.6600000000001,2387.16
2023-08-13,5.64,7.4,225.7,229.6,229.1,0.88,0.93,0.94,0.93,0.02,0.02,0.02,1691.21,1597.25,1785.17,5637.36,228.1,0.01,0.01,0.01,0.01,912.82,1921.83,631.27,1717.47,647.93,1899.12,2192.02,5538.42
2023-08-14,15.13,10.4,230.4,235.6,230.3,0.96,0.95,0.92,0.94,0.06,0.06,0.06,4538.31,4286.18,4790.44,15127.7,232.1,0.02,0.02,0.02,0.03,1323.67,4727.41,1408.8,4511.77,2040.72,5207.0,4773.1900000000005,14446.18
2023-08-15,11.86,8.2,227.6,231.7,232.6,0.91,0.9,0.93,0.91,0.05,0.04,0.05,3559.32,3361.58,3757.06,11864.39,230.6,0.01,0.02,0.02,0.02,1621.67,3911.34,1628.09,3735.09,1484.89,4039.85,4734.650000000001,11686.28
2023-08-16,8.25,5.8,232.4,232.3,229.6,0.93,0.91,0.92,0.9,0.03,0.03,0.03,2475.63,2338.1,2613.17,8252.1,231.4,0.01,0.01,0.01,0.01,978.43,2661.97,1065.27,2569.34,1113.21,2840.4,3156.91,8071.709999999999
2023-08-17,9.16,6.4,231.7,232.8,232.4,0.93,0.92,0.92,0.9,0.04,0.03,0.04,2746.9,2594.3,2899.51,9156.34,232.3,0.01,0.02,0.01,0.02,1085.64,2953.66,1105.17,2819.89,1235.19,3151.64,3426.0000000000005,8925.189999999999
2023-08-18,13.16,9.1,235.2,232.2,230.3,0.91,0.89,0.87,0.91,0.05,0.05,0.05,3948.34,3728.99,4167.7,13161.15,232.6,0.02,0.02,0.03,0.03,1798.92,4338.84,1910.42,4189.88,2361.94,4790.46,6071.280000000001,13319.18
2023-08-19,3.75,6.2,227.4,233.2,220.1,0.94,0.91,0.94,0.91,0.01,0.01,0.02,1126.38,1063.8,1188.96,3754.6,226.9,0.0,0.0,0.0,0.01,408.82,1198.28,484.68,1169.01,431.53,1264.85,1325.03,3632.14
2023-08-20,6.42,7.9,228.7,236.6,225.3,0.91,0.92,0.95,0.9,0.03,0.02,0.03,1926.51,1819.49,2033.54,6421.71,230.2,0.01,0.01,0.01,0.01,877.74,2117.04,775.1,1977.71,668.39,2140.57,2321.23,6235.32
2023-08-21,10.74,7.5,225.1,231.0,229.3,0.95,0.96,0.9,0.89,0.04,0.04,0.04,3221.71,3042.73,3400.7,10739.04,228.5,0.01,0.01,0.01,0.02,1058.92,3391.27,887.46,3169.51,1647.03,3778.56,3593.41,10339.34
2023-08-22,8.48,6.0,227.8,233.5,224.0,0.88,0.94,0.91,0.91,0.03,0.03,0.04,2544.27,2402.92,2685.62,8480.9,228.4,0.01,0.02,0.01,0.02,1373.25,2891.22,872.14,2556.3,1223.6,2951.23,3468.99,8398.75
2023-08-23,16.7,11.5,231.9,229.6,233.0,0.92,0.94,0.86,0.92,0.07,0.06,0.07,5011.31,4732.9,5289.71,16704.36,231.5,0.02,0.03,0.02,0.04,2134.81,5447.08,1717.81,5035.0,3138.73,6150.83,6991.35,16632.91
2023-08-24,12.01,8.3,233.8,237.2,237.7,0.98,0.96,0.93,0.93,0.05,0.04,0.05,3604.38,3404.14,3804.62,12014.6,236.2,0.01,0.01,0.01,0.02,731.9,3677.94,992.87,3545.98,1503.68,4090.99,3228.45,11314.91
2023-08-25,3.88,2.9,225.4,226.6,236.1,0.89,0.93,0.93,0.91,0.02,0.01,0.02,1164.38,1099.7,1229.07,3881.28,229.4,0.01,0.01,0.0,0.01,596.53,1308.29,434.63,1182.47,485.76,1321.58,1516.9199999999998,3812.34
2023-08-26,5.36,7.2,234.3,239.0,228.9,0.9,0.94,0.91,0.91,0.02,0.02,0.02,1609.06,1519.66,1698.45,5363.52,234.1,0.01,0.01,0.01,0.01,779.3,1787.84,551.56,1616.66,773.84,1866.43,2104.7,5270.93
2023-08-27,2.67,5.4,236.8,229.8,237.5,0.94,0.93,0.94,0.9,0.01,0.01,0.01,800.96,756.47,845.46,2669.88,234.7,0.0,0.0,0.0,0.0,290.71,852.09,298.98,813.41,306.86,899.43,896.5500000000001,2564.93
2023-08-28,12.07,8.4,232.1,222.8,230.7,0.93,0.94,0.9,0.92,0.05,0.04,0.05,3620.19,3419.07,3821.31,12067.3,228.5,0.01,0.02,0.01,0.02,1430.79,3892.68,1240.96,3637.31,1850.74,4245.9,4522.49,11775.89
2023-08-29,6.99,5.0,239.4,230.6,228.3,0.93,0.91,0.93,0.9,0.03,0.03,0.03,2097.28,1980.76,2213.79,6990.92,232.8,0.01,0.01,0.01,0.01,828.9,2255.14,902.46,2176.66,874.95,2380.42,2606.3100000000004,6812.219999999999
2023-08-30,8.89,6.3,226.1,226.6,226.9,0.93,0.86,0.88,0.93,0.03,0.03,0.04,2665.96,2517.85,2814.07,8886.52,226.5,0.01,0.01,0.02,0.02,1053.65,2866.62,1494.0,2927.73,1518.87,3197.81,4066.52,8992.16
2023-08-31,10.61,7.4,223.8,234.2,228.5,0.94,0.93,0.91,0.88,0.04,0.04,0.04,3183.52,3006.66,3360.39,10611.75,228.8,0.01,0.01,0.02,0.02,1155.46,3386.72,1188.31,3232.97,1531.04,3692.74,3874.81,10312.43
2023-09-01,11.56,8.0,221.1,226.7,228.1,0.95,0.97,0.9,0.91,0.05,0.04,0.05,3469.18,3276.45,3661.92,11563.95,225.3,0.01,0.02,0.01,0.02,1140.26,3651.77,821.16,3377.78,1773.55,4068.8,3734.9700000000003,11098.35
2023-09-02,0.24,3.8,237.5,227.8,230.9,0.93,0.96,0.92,0.93,0.0,0.0,0.0,71.87,67.88,75.86,239.57,232.1,0.0,0.0,0.0,0.0,28.4,77.28,19.8,70.71,32.32,82.46,80.52000000000001,230.45
2023-09-03,2.71,5.5,233.3,220.6,230.8,0.91,0.96,0.9,0.92,0.01,0.01,0.01,814.4,769.15,859.64,2714.66,228.2,0.0,0.0,0.0,0.0,371.05,894.95,224.34,801.2,416.34,955.16,1011.73,2651.31
2023-09-04,7.17,5.1,229.7,227.7,230.0,0.94,0.97,0.91,0.97,0.03,0.03,0.03,2152.49,2032.91,2272.08,7174.98,229.1,0.01,0.01,0.01,0.01,781.25,2289.88,509.5,2095.78,1035.19,2496.79,2325.94,6882.45
2023-09-05,6.53,4.7,231.4,217.9,232.2,0.98,0.93,0.93,0.93,0.03,0.02,0.03,1957.64,1848.89,2066.4,6525.48,227.2,0.01,0.01,0.01,0.01,397.52,1997.59,730.73,1988.05,816.69,2221.94,1944.94,6207.58
2023-09-06,13.67,9.4,224.4,222.1,236.0,0.92,0.94,0.9,0.9,0.05,0.05,0.06,4101.45,3873.59,4329.31,13671.51,227.5,0.02,0.02,0.02,0.03,1747.21,4458.1,1405.93,4120.84,2096.78,4810.34,5249.92,13389.28
2023-09-07,9.48,6.7,242.2,233.8,234.7,0.89,0.91,0.86,0.92,0.04,0.04,0.04,2845.15,2687.08,3003.21,9483.83,236.9,0.01,0.02,0.02,0.02,1457.61,3196.8,1224.27,2952.84,1782.0,3492.1,4463.88,9641.74
2023-09-08,4.38,3.3,230.6,233.9,222.6,0.95,0.92,0.96,0.88,0.02,0.02,0.02,1315.22,1242.15,1388.28,4384.06,229.0,0.01,0.01,0.01,0.01,432.29,1384.44,529.15,1350.16,404.92,1446.12,1366.3600000000001,4180.72
2023-09-09,5.82,7.5,230.5,232.1,217.2,0.92,0.95,0.95,0.92,0.02,0.02,0.02,1746.67,1649.64,1843.71,5822.24,226.6,0.01,0.01,0.01,0.01,744.08,1898.55,542.21,1736.46,606.0,1940.75,1892.29,5575.76
2023-09-10,9.34,9.9,233.6,225.2,234.7,0.85,0.97,0.87,0.9,0.04,0.03,0.04,2802.37,2646.68,2958.05,9341.22,231.2,0.01,0.02,0.01,0.02,1736.75,3296.91,663.32,2728.54,1676.4,3400.06,4076.4700000000003,9425.51
2023-09-11,10.98,7.7,232.4,229.8,223.2,0.95,0.93,0.93,0.94,0.04,0.04,0.05,3294.73,3111.69,3477.77,10982.43,228.5,0.01,0.01,0.02,0.02,1082.93,3468.14,1229.82,3345.9,1374.5,3739.54,3687.25,10553.58
2023-09-12,3.24,2.5,231.1,230.0,228.9,0.9,0.92,0.89,0.91,0.01,0.01,0.01,972.42,918.4,1026.45,3241.41,230.0,0.0,0.0,0.0,0.01,470.96,1080.47,391.24,998.26,525.87,1153.31,1388.0700000000002,3232.04
2023-09-13,6.27,4.5,226.0,224.2,224.1,0.92,0.93,0.92,0.92,0.02,0.02,0.03,1879.66,1775.23,1984.09,6265.53,224.8,0.01,0.01,0.01,0.01,800.73,2043.11,701.62,1908.85,845.22,2156.62,2347.5699999999997,6108.58
2023-09-14,11.44,8.0,232.4,237.5,221.0,0.93,0.95,0.92,0.91,0.04,0.04,0.05,3432.58,3241.88,3623.28,11441.94,230.3,0.01,0.02,0.01,0.02,1356.64,3690.95,1065.55,3412.51,1543.51,3938.35,3965.7,11041.81
2023-09-15,5.45,4.0,239.4,234.4,232.7,0.93,0.89,0.9,0.95,0.02,0.02,0.02,1633.63,1542.88,1724.39,5445.45,235.5,0.01,0.01,0.01,0.01,645.65,1756.59,790.44,1733.57,835.16,1915.99,2271.25,5406.15
2023-09-16,3.83,6.2,236.7,228.9,233.8,0.94,0.86,0.89,0.91,0.01,0.01,0.02,1149.44,1085.58,1213.3,3831.46,233.1,0.0,0.0,0.01,0.01,417.19,1222.81,644.15,1262.3,621.59,1363.26,1682.9299999999998,3848.37
2023-09-17,4.76,6.8,238.0,230.1,227.1,0.91,0.91,0.89,0.96,0.02,0.02,0.02,1427.93,1348.6,1507.26,4759.77,231.7,0.01,0.01,0.01,0.01,650.58,1569.15,614.44,1481.98,772.19,1693.55,2037.21,4744.68
2023-09-18,4.6,3.4,227.4,231.0,217.0,0.94,0.89,0.88,0.94,0.02,0.02,0.02,1378.59,1302.0,1455.18,4595.29,225.1,0.01,0.01,0.01,0.01,500.36,1466.59,667.03,1462.92,785.42,1653.61,1952.81,4583.12
2023-09-19,7.14,5.1,225.1,219.8,227.3,0.91,0.91,0.89,0.93,0.03,0.03,0.03,2142.62,2023.59,2261.66,7142.07,224.1,0.01,0.01,0.01,0.02,976.21,2354.53,921.97,2223.73,1158.68,2541.19,3056.86,7119.450000000001
2023-09-20,-2.45,-1.3,229.4,228.8,232.0,0.94,0.93,0.91,0.93,-0.01,-0.01,-0.01,-736.26,-695.36,-777.17,-2454.22,230.1,0.0,-0.0,-0.0,-0.0,-267.23,-783.26,-274.82,-747.7,-354.09,-854.03,-896.1399999999999,-2384.99
2023-09-21,4.15,3.1,230.3,226.6,222.6,0.94,0.92,0.89,0.93,0.02,0.02,0.02,1244.93,1175.76,1314.09,4149.75,226.5,0.01,0.01,0.01,0.01,451.85,1324.39,500.87,1278.0,673.23,1476.51,1625.95,4078.9000000000005
2023-09-22,6.42,4.6,235.5,225.0,230.9,0.89,0.97,0.93,0.88,0.03,0.02,0.03,1926.88,1819.83,2033.93,6422.94,230.5,0.01,0.02,0.01,0.01,987.17,2165.03,456.09,1876.11,803.86,2187.02,2247.12,6228.16
2023-09-23,-1.6,2.6,221.5,228.6,229.9,0.95,0.94,0.95,0.91,-0.01,-0.01,-0.01,-480.17,-453.49,-506.84,-1600.56,226.7,0.0,-0.0,-0.0,-0.0,-157.82,-505.44,-164.59,-482.44,-166.59,-533.52,-489.0,-1521.4
2023-09-24,7.01,8.3,237.6,239.0,232.9,0.9,0.94,0.89,0.94,0.03,0.03,0.03,2101.98,1985.2,2218.76,7006.6,236.5,0.01,0.01,0.01,0.02,1018.04,2335.53,720.53,2111.91,1136.7,2492.99,2875.27,6940.43
2023-09-25,2.79,2.2,229.2,233.2,230.6,0.94,0.95,0.92,0.92,0.01,0.01,0.01,836.99,790.49,883.49,2789.95,231.0,0.0,0.0,0.0,0.0,303.79,890.41,259.82,832.09,376.37,960.32,939.98,2682.82
2023-09-26,5.74,4.2,227.9,227.1,225.1,0.93,0.9,0.92,0.89,0.02,0.02,0.02,1720.71,1625.11,1816.3,5735.7,226.7,0.01,0.01,0.01,0.01,680.07,1850.23,787.08,1805.68,773.74,1974.24,2240.8900000000003,5630.15
2023-09-27,7.43,5.3,224.9,232.9,236.0,0.98,0.96,0.92,0.92,0.03,0.03,0.03,2228.39,2104.59,2352.19,7427.96,231.3,0.01,0.01,0.01,0.01,452.49,2273.87,613.84,2192.28,1002.03,2556.73,2068.3599999999997,7022.879999999999
2023-09-28,36.34,7.9,221.7,237.0,229.2,0.91,0.93,0.91,0.95,0.14,0.13,0.15,10903.18,10297.45,11508.91,36343.93,229.3,0.04,0.06,0.05,0.07,4967.64,11981.52,4069.81,11072.53,5243.61,12647.15,14281.060000000001,35701.200000000004
2023-09-29,2.7,2.1,234.1,234.6,229.9,0.91,0.95,0.93,0.94,0.01,0.01,0.01,810.41,765.38,855.43,2701.35,232.9,0.0,0.0,0.0,0.0,369.23,890.56,251.57,805.66,338.09,919.82,958.8899999999999,2616.04
2023-09-30,5.49,7.3,230.4,230.3,225.3,0.92,0.9,0.92,0.92,0.02,0.02,0.02,1647.52,1555.99,1739.05,5491.73,228.7,0.01,0.01,0.01,0.01,701.84,1790.78,753.6,1728.88,740.83,1890.27,2196.27,5409.93
2023-10-01,2.03,5.0,223.6,226.8,227.8,0.91,0.88,0.87,0.94,0.01,0.01,0.01,609.21,575.36,643.05,2030.7,226.1,0.0,0.0,0.01,0.01,277.56,669.46,310.55,653.82,364.43,739.14,952.54,2062.42
2023-10-02,4.06,3.0,223.5,233.5,225.6,0.94,0.95,0.94,0.91,0.02,0.01,0.02,1217.31,1149.68,1284.94,4057.71,227.5,0.01,0.01,0.0,0.01,441.82,1295.01,377.88,1210.19,466.37,1366.96,1286.0700000000002,3872.16
2023-10-03,8.4,5.9,228.3,232.0,229.1,0.87,0.94,0.94,0.89,0.03,0.03,0.03,2518.57,2378.65,2658.5,8395.25,229.8,0.01,0.02,0.01,0.01,1427.34,2894.91,863.33,2530.48,964.91,2828.19,3255.58,8253.58
2023-10-04,7.62,5.4,238.3,234.5,238.6,0.89,0.9,0.89,0.9,0.03,0.03,0.03,2285.19,2158.23,2412.14,7617.29,237.1,0.01,0.02,0.01,0.02,1170.74,2567.63,1045.28,2398.03,1235.78,2710.27,3451.8,7675.93
2023-10-05,5.24,3.8,228.7,233.2,223.1,0.89,0.9,0.91,0.95,0.02,0.02,0.02,1570.53,1483.28,1657.78,5235.09,228.3,0.01,0.01,0.01,0.01,804.61,1764.64,718.39,1648.09,755.31,1821.74,2278.31,5234.47
2023-10-06,7.27,5.2,222.5,235.2,221.9,0.95,0.96,0.93,0.91,0.03,0.03,0.03,2179.57,2058.48,2300.66,7265.24,226.5,0.01,0.01,0.01,0.01,716.39,2294.28,600.39,2144.25,909.28,2473.83,2226.06,6912.360000000001
2023-10-07,0.92,4.3,228.8,227.3,237.4,0.97,0.89,0.9,0.92,0.0,0.0,0.0,277.33,261.92,292.74,924.44,231.2,0.0,0.0,0.0,0.0,69.51,285.91,134.19,294.29,141.78,325.27,345.48,905.47
2023-10-08,2.45,5.3,228.6,236.6,229.0,0.92,0.98,0.94,0.91,0.01,0.01,0.01,734.98,694.14,775.81,2449.92,231.4,0.0,0.0,0.0,0.0,313.1,798.89,140.95,708.31,281.58,825.33,735.63,2332.5299999999997
2023-10-09,9.13,6.4,216.5,231.0,226.7,0.91,0.9,0.98,0.96,0.04,0.03,0.04,2738.76,2586.6,2890.91,9129.19,224.7,0.01,0.02,0.01,0.01,1247.82,3009.63,1252.75,2874.0,587.02,2949.91,3087.5899999999997,8833.54
2023-10-10,11.94,8.3,229.7,240.4,235.2,0.92,0.95,0.89,0.95,0.05,0.04,0.05,3581.61,3382.63,3780.59,11938.7,235.1,0.01,0.02,0.01,0.03,1525.76,3893.05,1111.82,3560.66,1936.85,4247.85,4574.43,11701.560000000001
2023-10-11,3.51,2.7,228.8,226.6,227.0,0.95,0.92,0.87,0.96,0.01,0.01,0.01,1052.84,994.35,1111.33,3509.47,227.5,0.0,0.0,0.0,0.01,346.05,1108.25,423.59,1080.82,629.82,1277.39,1399.46,3466.46
2023-10-12,13.67,9.4,233.5,238.7,239.1,0.89,0.95,0.92,0.92,0.05,0.05,0.06,4100.61,3872.79,4328.42,13668.69,237.1,0.02,0.03,0.02,0.03,2100.8,4607.43,1272.92,4076.62,1843.9,4704.8,5217.620000000001,13388.849999999999
2023-10-13,1.46,1.3,239.2,231.0,233.4,0.93,0.91,0.93,0.93,0.01,0.01,0.01,439.32,414.91,463.72,1464.38,234.5,0.0,0.0,0.0,0.0,173.63,472.39,189.04,455.95,183.27,498.62,545.9399999999999,1426.96
2023-10-14,1.92,4.9,235.6,226.7,227.6,0.95,0.93,0.9,0.89,0.01,0.01,0.01,576.22,544.21,608.23,1920.73,230.0,0.0,0.0,0.0,0.0,189.39,606.55,215.09,585.17,294.58,675.81,699.06,1867.5299999999997
2023-10-15,4.2,6.5,228.7,227.6,240.8,0.94,0.93,0.95,0.95,0.02,0.02,0.02,1260.25,1190.23,1330.26,4200.82,232.4,0.01,0.01,0.01,0.01,457.41,1340.69,470.41,1279.82,437.24,1400.27,1365.06,4020.78
2023-10-16,8.34,5.9,224.5,228.4,227.0,0.93,0.9,0.87,0.9,0.03,0.03,0.03,2502.89,2363.84,2641.94,8342.98,226.6,0.01,0.01,0.01,0.02,989.21,2691.28,1144.86,2626.49,1497.26,3036.71,3631.33,8354.48
2023-10-17,5.7,4.1,242.9,232.1,233.7,0.95,0.95,0.93,0.92,0.02,0.02,0.02,1710.11,1615.1,1805.11,5700.36,236.2,0.01,0.01,0.01,0.01,562.09,1800.12,530.86,1700.11,713.43,1940.98,1806.38,5441.209999999999
2023-10-18,7.02,5.0,230.3,232.6,231.5,0.84,0.91,0.89,0.9,0.03,0.03,0.03,2105.05,1988.1,2222.0,7016.84,231.5,0.01,0.02,0.01,0.02,1359.73,2506.01,905.81,2184.73,1138.36,2496.63,3403.8999999999996,7187.37
2023-10-19,6.24,4.5,230.1,227.1,236.5,0.94,0.92,0.96,0.91,0.02,0.02,0.03,1871.77,1767.78,1975.76,6239.23,231.2,0.01,0.01,0.01,0.01,679.36,1991.24,753.07,1921.5,576.26,2058.08,2008.69,5970.82
2023-10-20,6.03,4.4,229.9,229.9,237.8,0.9,0.9,0.97,0.9,0.02,0.02,0.02,1809.43,1708.9,1909.95,6031.43,232.5,0.01,0.01,0.01,0.01,876.35,2010.48,827.66,1898.78,478.68,1969.02,2182.69,5878.280000000001
2023-10-21,5.43,7.3,231.0,240.7,230.2,0.87,0.85,0.89,0.91,0.02,0.02,0.02,1630.15,1539.59,1720.72,5433.84,234.0,0.01,0.01,0.01,0.01,923.85,1873.74,954.15,1811.28,881.55,1933.39,2759.55,5618.41
2023-10-22,4.05,6.4,229.3,238.6,226.2,0.94,0.92,0.89,0.91,0.02,0.01,0.02,1213.74,1146.31,1281.17,4045.8,231.4,0.01,0.01,0.0,0.01,440.53,1291.21,488.33,1245.99,656.36,1439.52,1585.2199999999998,3976.72
2023-10-23,5.99,4.3,227.1,232.2,232.3,0.96,1.0,0.94,0.91,0.02,0.02,0.02,1796.98,1697.15,1896.81,5989.93,230.5,0.01,0.01,0.0,0.01,524.12,1871.85,0.0,1697.15,688.45,2017.88,1212.5700000000002,5586.88
2023-10-24,10.87,7.6,227.3,230.2,226.6,0.92,0.95,0.9,0.94,0.04,0.04,0.04,3259.65,3078.56,3440.74,10865.51,228.0,0.01,0.02,0.01,0.02,1388.61,3543.1,1011.87,3240.59,1666.43,3823.04,4066.91,10606.73
2023-10-25,9.19,6.5,229.8,230.6,240.1,0.95,0.93,0.91,0.9,0.04,0.03,0.04,2757.23,2604.05,2910.41,9190.78,233.5,0.01,0.01,0.01,0.02,906.26,2902.35,1029.19,2800.05,1326.02,3198.25,3261.4700000000003,8900.65
2023-10-26,10.81,7.5,227.3,233.1,230.7,0.97,0.92,0.91,0.92,0.04,0.04,0.04,3244.12,3063.89,3424.35,10813.73,230.4,0.01,0.01,0.02,0.02,813.05,3344.45,1305.21,3330.32,1560.18,3763.02,3678.4400000000005,10437.79
2023-10-27,10.37,7.2,226.4,224.9,228.2,0.96,0.93,0.85,0.94,0.04,0.04,0.04,3112.31,2939.4,3285.21,10374.35,226.5,0.01,0.01,0.02,0.02,907.76,3241.99,1161.73,3160.65,2035.99,3864.95,4105.48,10267.59
2023-10-28,1.11,4.4,230.5,228.7,230.9,0.97,0.95,0.91,0.91,0.0,0.0,0.0,333.85,315.3,352.4,1112.83,230.0,0.0,0.0,0.0,0.0,83.67,344.18,103.63,331.89,160.56,387.25,347.86,1063.32
2023-10-29,2.04,5.0,228.7,221.7,223.3,0.94,0.89,0.89,0.91,0.01,0.01,0.01,611.28,577.32,645.25,2037.62,224.6,0.0,0.0,0.01,0.01,221.87,650.3,295.77,648.67,330.57,725.0,848.21,2023.9699999999998
2023-10-30,11.08,7.7,237.5,232.0,225.1,0.92,0.96,0.9,0.92,0.04,0.04,0.05,3324.7,3140.0,3509.41,11082.34,231.5,0.01,0.02,0.01,0.02,1416.32,3613.8,915.83,3270.83,1699.68,3899.34,4031.83,10783.970000000001
2023-10-31,10.8,7.5,216.7,233.2,236.0,0.87,0.95,0.95,0.94,0.04,0.04,0.04,3239.34,3059.37,3419.3,10797.79,228.6,0.01,0.02,0.01,0.01,1835.82,3723.38,1005.57,3220.39,1123.87,3599.26,3965.2599999999998,10543.03
2023-11-01,9.03,6.4,235.5,227.6,226.7,0.91,0.95,0.87,0.92,0.04,0.03,0.04,2710.22,2559.66,2860.79,9034.08,229.9,0.01,0.02,0.01,0.02,1234.81,2978.26,841.32,2694.38,1621.28,3288.26,3697.41,8960.900000000001
2023-11-02,9.58,6.7,236.2,237.9,224.8,0.89,0.94,0.93,0.91,0.04,0.04,0.04,2874.81,2715.1,3034.53,9582.72,233.0,0.01,0.02,0.01,0.02,1472.81,3230.12,985.45,2888.4,1199.32,3262.94,3657.58,9381.460000000001
2023-11-03,13.2,9.1,219.6,223.9,232.7,0.99,0.93,0.9,0.93,0.05,0.05,0.05,3960.44,3740.42,4180.47,13201.48,225.4,0.02,0.01,0.02,0.02,564.33,4000.44,1478.31,4021.96,2024.69,4644.97,4067.33,12667.369999999999
2023-11-04,2.74,5.5,228.3,222.7,235.9,0.91,0.95,0.9,0.9,0.01,0.01,0.01,820.59,775.0,866.18,2735.29,229.0,0.0,0.0,0.0,0.0,373.87,901.75,254.73,815.79,419.51,962.42,1048.1100000000001,2679.96
2023-11-05,6.3,7.9,228.1,231.1,233.6,0.92,0.95,0.93,0.93,0.02,0.02,0.03,1888.96,1784.02,1993.9,6296.53,230.9,0.01,0.01,0.01,0.01,804.69,2053.22,586.38,1877.92,788.04,2143.98,2179.11,6075.12
2023-11-06,9.2,6.5,223.0,235.2,235.0,0.94,0.92,0.92,0.93,0.04,0.03,0.04,2759.27,2605.98,2912.57,9197.58,231.1,0.01,0.01,0.01,0.02,1001.48,2935.39,1110.14,2832.59,1240.75,3165.84,3352.37,8933.82
2023-11-07,9.3,6.5,226.1,238.4,226.2,0.92,0.91,0.93,0.91,0.04,0.03,0.04,2791.1,2636.04,2946.16,9303.67,230.2,0.01,0.02,0.01,0.02,1189.0,3033.8,1201.02,2896.75,1164.4,3167.91,3554.42,9098.46
2023-11-08,13.41,9.3,224.4,227.7,222.9,0.97,0.93,0.94,0.9,0.05,0.05,0.06,4022.75,3799.27,4246.24,13409.18,225.0,0.02,0.01,0.02,0.02,1008.2,4147.16,1501.57,4085.24,1541.18,4517.28,4050.95,12749.68
2023-11-09,12.75,8.8,238.8,235.4,237.5,0.9,0.98,0.9,0.9,0.05,0.05,0.05,3824.63,3612.15,4037.11,12748.78,237.2,0.02,0.02,0.01,0.02,1852.35,4249.59,733.48,3685.87,1955.26,4485.68,4541.09,12421.14
2023-11-10,12.88,8.9,234.7,229.8,228.4,0.93,0.89,0.89,0.93,0.05,0.05,0.05,3862.87,3648.27,4077.47,12876.23,231.0,0.02,0.02,0.03,0.03,1526.7,4153.62,1869.06,4099.18,2088.95,4581.43,5484.71,12834.23
2023-11-11,9.52,10.0,236.4,229.1,228.7,0.9,0.89,0.88,0.94,0.04,0.04,0.04,2855.63,2696.98,3014.27,9518.76,231.4,0.01,0.02,0.02,0.02,1383.04,3172.92,1381.7,3030.31,1626.93,3425.31,4391.67,9628.539999999999
2023-11-12,5.84,7.6,233.6,234.4,236.6,0.88,0.93,0.89,0.91,0.02,0.02,0.02,1750.61,1653.35,1847.86,5835.35,234.9,0.01,0.01,0.01,0.01,944.88,1989.33,653.45,1777.8,946.69,2076.25,2545.02,5843.38
2023-11-13,12.99,9.0,224.4,233.3,232.8,0.9,0.93,1.0,0.93,0.05,0.05,0.05,3897.47,3680.94,4113.99,12991.56,230.2,0.02,0.02,0.02,0.0,1887.63,4330.52,1454.8,3958.0,0.0,4113.99,3342.4300000000003,12402.51
2023-11-14,10.19,7.1,227.4,222.1,232.3,0.92,0.94,0.95,0.88,0.04,0.04,0.04,3057.47,2887.61,3227.33,10191.56,227.3,0.01,0.02,0.01,0.01,1302.48,3323.34,1048.06,3071.93,1060.77,3397.19,3411.31,9792.460000000001
2023-11-15,12.27,8.5,232.4,237.4,240.8,0.91,0.94,0.87,0.91,0.05,0.05,0.05,3682.43,3477.85,3887.0,12274.75,236.9,0.02,0.02,0.02,0.03,1677.76,4046.63,1262.29,3699.84,2202.86,4467.82,5142.91,12214.29
2023-11-16,11.09,7.7,223.9,236.9,226.8,0.9,0.92,0.87,0.92,0.04,0.04,0.05,3328.47,3143.56,3513.39,11094.91,229.2,0.01,0.02,0.02,0.03,1612.05,3698.3,1339.15,3416.91,1991.13,4038.38,4942.33,11153.59
2023-11-17,11.96,8.3,233.6,226.9,234.6,0.88,0.97,0.92,0.9,0.05,0.04,0.05,3588.76,3389.39,3788.14,11962.54,231.7,0.01,0.03,0.01,0.02,1937.01,4078.14,849.46,3494.22,1613.74,4117.54,4400.21,11689.9
2023-11-18,8.65,9.4,228.8,232.0,230.3,0.92,0.88,0.93,0.9,0.03,0.03,0.04,2593.89,2449.79,2738.0,8646.32,230.4,0.01,0.01,0.02,0.02,1104.99,2819.45,1322.26,2783.85,1082.13,2944.09,3509.38,8547.39
2023-11-19,4.6,6.7,228.1,232.5,231.3,0.87,0.91,0.93,0.91,0.02,0.02,0.02,1379.55,1302.91,1456.19,4598.5,230.6,0.01,0.01,0.01,0.01,781.83,1585.69,593.62,1431.77,575.52,1565.8,1950.97,4583.26
2023-11-20,18.53,12.7,233.6,231.3,237.6,0.94,0.93,0.9,0.93,0.07,0.07,0.08,5557.68,5248.92,5866.44,18525.6,234.2,0.02,0.03,0.03,0.04,2017.17,5912.43,2074.51,5644.0,2841.25,6518.27,6932.93,18074.7
2023-11-21,9.43,6.6,232.2,227.2,232.5,0.92,0.88,0.91,0.92,0.04,0.03,0.04,2828.57,2671.43,2985.71,9428.57,230.6,0.01,0.02,0.02,0.02,1204.97,3074.53,1441.89,3035.72,1360.33,3281.0,4007.19,9391.25
2023-11-22,9.01,6.3,228.2,226.6,232.7,0.88,0.92,0.92,0.88,0.04,0.03,0.04,2701.53,2551.44,2851.61,9005.09,229.2,0.01,0.02,0.01,0.02,1458.13,3069.92,1086.91,2773.3,1214.78,3099.58,3759.8199999999997,8942.8
2023-11-23,16.33,11.2,235.8,229.9,235.4,0.91,0.98,0.91,0.88,0.06,0.06,0.07,4897.74,4625.64,5169.84,16325.8,233.7,0.02,0.03,0.01,0.03,2231.48,5382.13,939.28,4720.04,2355.45,5681.14,5526.21,15783.310000000001
2023-11-24,15.43,10.6,224.6,235.9,228.2,0.9,0.93,0.84,0.91,0.06,0.06,0.06,4629.9,4372.68,4887.12,15433.0,229.6,0.02,0.03,0.02,0.04,2242.36,5144.33,1728.19,4701.81,3156.77,5818.0,7127.32,15664.14
2023-11-25,10.14,10.4,233.1,232.7,225.8,0.93,0.94,0.9,0.93,0.04,0.04,0.04,3041.87,2872.88,3210.87,10139.58,230.5,0.01,0.02,0.01,0.02,1202.22,3270.83,1042.72,3056.26,1555.1,3567.63,3800.04,9894.720000000001
2023-11-26,10.36,10.6,233.0,228.1,224.8,0.96,0.89,0.88,0.87,0.04,0.04,0.04,3109.22,2936.49,3281.95,10364.07,228.6,0.01,0.01,0.02,0.02,906.86,3238.77,1504.41,3299.43,1771.41,3729.49,4182.68,10267.689999999999
2023-11-27,13.66,9.4,228.5,233.9,220.2,0.86,0.91,0.92,0.91,0.05,0.05,0.06,4096.99,3869.38,4324.6,13656.64,227.5,0.02,0.03,0.02,0.03,2431.01,4763.94,1762.94,4252.07,1842.27,4700.65,6036.220000000001,13716.659999999998
2023-11-28,11.22,7.8,231.6,215.8,240.3,0.92,0.92,1.0,0.91,0.04,0.04,0.05,3365.53,3178.56,3552.5,11218.44,229.2,0.01,0.02,0.02,0.0,1433.71,3658.18,1354.06,3454.96,0.0,3552.5,2787.77,10665.64
2023-11-29,14.36,9.9,223.7,235.7,224.5,0.92,0.92,0.92,0.95,0.06,0.05,0.06,4307.05,4067.77,4546.33,14356.85,228.0,0.02,0.03,0.02,0.03,1834.8,4681.58,1732.86,4421.49,1936.73,4941.66,5504.389999999999,14044.73
2023-11-30,12.32,8.5,234.6,221.3,228.9,0.94,0.97,0.9,0.91,0.05,0.05,0.05,3695.86,3490.53,3901.18,12319.53,228.3,0.02,0.02,0.01,0.02,1341.42,3931.77,874.81,3598.48,1889.43,4334.64,4105.66,11864.89
2023-12-01,17.5,12.0,229.1,228.2,228.6,0.93,0.95,0.94,0.93,0.07,0.06,0.07,5250.07,4958.4,5541.74,17500.23,228.6,0.02,0.03,0.02,0.03,2074.96,5645.24,1629.75,5219.37,2011.38,5895.47,5716.09,16760.08
2023-12-02,9.36,9.9,227.4,224.4,231.5,0.9,0.9,0.92,0.92,0.04,0.03,0.04,2807.93,2651.93,2963.93,9359.77,227.8,0.01,0.02,0.01,0.02,1359.94,3119.92,1284.39,2946.59,1262.63,3221.66,3906.96,9288.17
2023-12-03,7.55,8.7,235.2,223.5,234.1,0.91,0.94,0.92,0.88,0.03,0.03,0.03,2265.8,2139.92,2391.68,7552.66,230.9,0.01,0.01,0.01,0.01,1032.33,2489.89,776.69,2276.51,1018.85,2599.65,2827.87,7366.049999999999
2023-12-04,14.3,9.9,226.5,235.8,234.3,0.9,0.94,0.93,0.94,0.06,0.05,0.06,4288.59,4050.33,4526.84,14295.29,232.2,0.02,0.03,0.02,0.02,2077.06,4765.1,1470.07,4308.86,1789.12,4867.57,5336.25,13941.529999999999
2023-12-05,16.73,11.5,223.0,227.7,227.1,0.95,0.96,0.97,0.92,0.07,0.06,0.07,5019.16,4740.32,5298.0,16730.54,225.9,0.02,0.02,0.02,0.02,1649.72,5283.33,1382.59,4937.83,1327.8,5461.86,4360.11,15683.02
2023-12-06,14.03,9.7,222.2,231.7,229.2,0.92,0.98,0.88,0.93,0.05,0.05,0.06,4210.44,3976.53,4444.36,14034.81,227.7,0.02,0.02,0.01,0.03,1793.64,4576.57,807.47,4057.68,2398.81,5050.41,4999.92,13684.66
2023-12-07,13.5,9.3,233.0,229.8,231.4,0.98,0.9,0.92,1.0,0.05,0.05,0.06,4048.63,3823.71,4273.55,13495.43,231.4,0.02,0.01,0.02,0.03,822.11,4131.26,1851.91,4248.57,1820.52,4645.16,4494.54,13024.99
2023-12-08,16.93,11.6,223.6,232.4,228.8,0.92,0.91,0.88,0.88,0.07,0.06,0.07,5079.32,4797.13,5361.5,16931.06,228.3,0.02,0.03,0.03,0.04,2163.78,5521.0,2185.64,5271.57,2893.83,6092.61,7243.25,16885.18
2023-12-09,12.17,11.8,238.8,230.4,238.0,0.9,0.89,0.93,0.95,0.05,0.04,0.05,3652.36,3449.45,3855.27,12174.53,235.7,0.01,0.02,0.02,0.02,1768.92,4058.18,1767.21,3875.79,1523.7,4145.45,5059.83,12079.419999999998
2023-12-10,10.16,10.4,219.6,223.6,232.5,0.87,0.92,0.88,0.91,0.04,0.04,0.04,3048.03,2878.69,3217.36,10160.1,225.2,0.01,0.02,0.02,0.02,1727.4,3503.48,1226.32,3129.01,1736.55,3656.09,4690.27,10288.58
2023-12-11,15.51,10.7,238.5,235.0,233.7,0.87,0.94,0.9,0.93,0.06,0.06,0.06,4653.21,4394.7,4911.72,15510.69,235.7,0.02,0.03,0.02,0.03,2637.1,5348.52,1595.06,4675.21,2378.85,5457.47,6611.01,15481.2
2023-12-12,17.86,12.2,231.1,227.5,233.3,0.87,0.96,0.9,0.92,0.07,0.07,0.07,5359.3,5061.56,5657.04,17864.34,230.6,0.02,0.04,0.02,0.03,3037.26,6160.11,1476.29,5272.46,2739.83,6285.6,7253.38,17718.17
2023-12-13,13.07,9.0,229.5,222.2,235.9,0.93,0.93,0.94,0.91,0.05,0.05,0.05,3920.93,3703.1,4138.76,13069.77,229.2,0.02,0.02,0.02,0.02,1549.65,4216.05,1463.56,3981.83,1502.17,4402.94,4515.38,12600.82
2023-12-14,13.44,9.3,227.3,227.9,230.9,0.94,0.92,0.94,0.91,0.05,0.05,0.06,4031.65,3807.67,4255.63,13438.83,228.7,0.02,0.02,0.02,0.02,1463.29,4288.99,1622.06,4138.77,1544.59,4527.27,4629.94,12955.03
2023-12-15,15.75,10.8,232.0,237.5,223.5,0.87,0.93,0.87,0.93,0.06,0.06,0.07,4726.31,4463.74,4988.89,15754.37,231.0,0.02,0.03,0.02,0.04,2678.52,5432.54,1764.18,4799.72,2827.33,5734.36,7270.03,15966.619999999999
2023-12-16,12.52,12.0,229.8,234.3,232.0,0.95,0.9,0.91,0.89,0.05,0.05,0.05,3755.72,3547.07,3964.37,12519.07,232.0,0.02,0.02,0.02,0.02,1234.45,3953.39,1717.92,3941.19,1806.22,4356.45,4758.59,12251.029999999999
2023-12-17,14.34,13.2,235.5,228.3,226.7,0.91,0.99,0.89,0.94,0.06,0.05,0.06,4302.9,4063.85,4541.95,14342.99,230.2,0.02,0.03,0.01,0.03,1960.46,4728.46,579.07,4104.9,2326.91,5103.31,4866.4400000000005,13936.670000000002
2023-12-18,23.09,15.7,230.6,228.3,227.4,0.92,0.88,0.87,0.91,0.09,0.09,0.1,6926.48,6541.67,7311.28,23088.25,228.8,0.03,0.04,0.05,0.06,2950.67,7528.78,3530.82,7433.72,4143.49,8403.77,10624.98,23366.27
2023-12-19,21.49,14.7,230.8,228.4,232.9,0.97,0.94,0.9,0.9,0.08,0.08,0.09,6446.42,6088.29,6804.56,21488.08,230.7,0.02,0.02,0.03,0.04,1615.63,6645.79,2209.75,6476.9,3295.6,7560.62,7120.98,20683.309999999998
2023-12-20,18.69,12.8,228.2,240.4,236.2,0.95,0.99,0.9,0.91,0.07,0.07,0.08,5606.74,5295.25,5918.22,18689.12,234.9,0.02,0.02,0.01,0.04,1842.85,5901.83,754.53,5348.74,2866.32,6575.8,5463.700000000001,17826.37
2023-12-21,19.37,13.2,229.7,231.9,230.1,0.91,0.93,0.98,0.95,0.08,0.07,0.08,5809.97,5487.19,6132.75,19366.57,230.6,0.02,0.04,0.03,0.02,2647.1,6384.58,2168.68,5900.2,1245.31,6257.91,6061.09,18542.69
2023-12-22,16.67,11.4,231.5,232.2,231.5,0.89,0.92,0.92,0.91,0.07,0.06,0.07,5001.44,4723.58,5279.3,16671.47,231.7,0.02,0.04,0.03,0.03,2562.31,5619.6,2012.24,5134.33,2248.97,5738.37,6823.52,16492.3
2023-12-23,14.88,13.6,221.4,235.2,238.5,0.86,0.92,0.87,0.93,0.06,0.05,0.06,4463.9,4215.9,4711.89,14879.66,231.7,0.02,0.04,0.02,0.03,2648.72,5190.58,1795.97,4582.5,2670.35,5415.97,7115.039999999999,15189.05
2023-12-24,14.33,13.2,223.3,231.2,231.2,0.9,0.92,0.89,0.91,0.06,0.05,0.06,4297.79,4059.03,4536.56,14325.97,228.6,0.02,0.03,0.02,0.03,2081.51,4775.32,1729.14,4411.99,2324.15,5097.26,6134.800000000001,14284.57
2023-12-25,21.42,14.6,233.7,228.7,243.0,0.91,0.97,0.94,0.94,0.08,0.08,0.09,6425.22,6068.26,6782.18,21417.4,235.1,0.02,0.04,0.02,0.03,2927.42,7060.68,1520.85,6255.94,2461.6,7215.09,6909.870000000001,20531.71
2023-12-26,18.23,12.5,230.9,229.0,232.8,0.89,0.86,0.97,0.93,0.07,0.07,0.08,5467.59,5163.84,5771.35,18225.3,230.9,0.02,0.04,0.04,0.02,2801.13,6143.36,3064.04,6004.47,1446.44,5949.85,7311.610000000001,18097.68
2023-12-27,22.52,15.3,229.1,229.6,221.2,0.92,0.98,0.86,0.96,0.09,0.08,0.09,6756.95,6381.57,7132.34,22523.17,226.6,0.03,0.04,0.02,0.05,2878.45,7344.51,1295.83,6511.81,4232.08,8293.42,8406.36,22149.739999999998
2023-12-28,25.82,17.5,230.1,229.8,233.8,0.92,0.89,0.85,0.92,0.1,0.1,0.11,7746.54,7316.18,8176.9,25821.8,231.2,0.03,0.04,0.05,0.07,3300.01,8420.15,3748.19,8220.43,5067.59,9619.88,12115.79,26260.46
2023-12-29,21.16,14.4,231.7,233.6,231.9,0.91,0.92,0.97,0.93,0.08,0.08,0.09,6346.79,5994.19,6699.39,21155.98,232.4,0.02,0.04,0.03,0.02,2891.68,6974.49,2553.51,6515.42,1679.03,6906.59,7124.22,20396.5
2023-12-30,17.95,15.6,227.3,230.3,236.4,0.9,0.92,0.92,0.92,0.07,0.07,0.07,5383.87,5084.76,5682.97,17946.23,231.3,0.02,0.03,0.03,0.03,2607.53,5982.08,2166.1,5526.91,2420.94,6177.14,7194.57,17686.13
2023-12-31,19.07,16.4,226.1,233.7,233.4,0.93,0.95,0.88,0.95,0.07,0.07,0.08,5721.13,5403.29,6038.97,19070.43,231.1,0.02,0.03,0.02,0.04,2261.14,6151.75,1775.98,5687.67,3259.49,6862.47,7296.61,18701.89
